,dt,temp,temp_min,temp_max,pressure,sea_level,grnd_level,humidity,wind_speed,wind_deg,rain_1h,rain_3h,rain_6h,rain_12h,rain_24h,rain_today,clouds_all,weather_id,datetime,year,month
171768,1372611600,26.12,26.0,26.2,1012.9,,,83,1.5,140,,,,,,,40,802,2013-07-01 00:00:00,2013,7
171769,1372615200,26.1,26.0,26.2,1011.9,,,84,2.6,150,,,,,,,40,802,2013-07-01 01:00:00,2013,7
171770,1372618800,26.12,26.0,26.2,1012.9,,,83,3.1,130,,,,,,,75,803,2013-07-01 02:00:00,2013,7
171771,1372622400,26.0,26.0,26.0,1012.9,,,83,3.1,130,,,,,,,75,803,2013-07-01 03:00:00,2013,7
171772,1372626000,26.0,26.0,26.0,1011.6,,,82,2.6,220,,,,,,,40,802,2013-07-01 04:00:00,2013,7
171773,1372629600,26.0,26.0,26.0,1011.6,,,82,2.6,220,,,,,,,40,802,2013-07-01 05:00:00,2013,7
171774,1372633200,26.24,26.0,26.4,1012.9,,,83,2.6,40,,,,,,,75,803,2013-07-01 06:00:00,2013,7
171775,1372636800,26.2,26.0,26.4,1012.4,,,82,2.6,70,,,,,,,40,802,2013-07-01 07:00:00,2013,7
171776,1372640400,26.64,26.4,27.0,1012.9,,,78,4.6,100,,,,,,,40,802,2013-07-01 08:00:00,2013,7
171777,1372644000,29.0,29.0,29.0,1012.9,,,74,5.1,100,,,,,,,40,802,2013-07-01 09:00:00,2013,7
171778,1372647600,29.0,29.0,29.0,1012.8,,,73,5.1,100,,,,,,,20,801,2013-07-01 10:00:00,2013,7
171779,1372651200,29.39,29.0,30.0,1011.9,,,66,5.1,90,,,,,,,40,802,2013-07-01 11:00:00,2013,7
171780,1372654800,28.88,28.8,29.0,1010.8,,,70,4.1,120,,,,,,,40,802,2013-07-01 12:00:00,2013,7
171781,1372658400,28.9,28.8,29.0,1010.7,,,71,6.2,120,,,,,,,40,802,2013-07-01 13:00:00,2013,7
171782,1372662000,28.88,28.8,29.0,1010.2,,,70,5.1,120,,,,,,,40,802,2013-07-01 14:00:00,2013,7
171783,1372665600,27.76,27.6,28.0,1010.2,,,78,5.1,110,,,,,,,75,803,2013-07-01 15:00:00,2013,7
171784,1372669200,27.8,27.6,28.0,1010.2,,,74,5.1,110,,,,,,,40,802,2013-07-01 16:00:00,2013,7
171785,1372672800,27.36,27.0,27.6,1010.2,,,78,5.1,110,,,,,,,75,803,2013-07-01 17:00:00,2013,7
171786,1372676400,26.88,26.8,27.0,1010.8,,,78,4.1,100,,,,,,,75,803,2013-07-01 18:00:00,2013,7
171787,1372680000,26.9,26.8,27.0,1011.6,,,82,4.1,100,,,,,,,20,801,2013-07-01 19:00:00,2013,7
171788,1372683600,26.88,26.8,27.0,1011.9,,,78,3.6,110,,,,,,,40,802,2013-07-01 20:00:00,2013,7
171789,1372687200,26.7,26.5,27.0,1011.9,,,78,4.1,100,,,,,,,40,802,2013-07-01 21:00:00,2013,7
171790,1372690800,26.75,26.5,27.0,1012.2,,,85,3.1,90,,,,,,,40,802,2013-07-01 22:00:00,2013,7
171791,1372694400,26.7,26.5,27.0,1011.9,,,78,3.1,110,,,,,,,40,802,2013-07-01 23:00:00,2013,7
171792,1372698000,26.12,26.0,26.2,1011.9,,,88,3.1,100,,,0.3,,,,75,501,2013-07-02 00:00:00,2013,7
171793,1372701600,26.1,26.0,26.2,1010.8,,,88,4.1,110,,,0.3,,,,40,802,2013-07-02 01:00:00,2013,7
171794,1372705200,26.12,26.0,26.2,1010.8,,,88,4.6,100,,,0.3,,,,40,802,2013-07-02 02:00:00,2013,7
171795,1372708800,26.12,26.0,26.2,1010.8,,,88,4.6,100,,,,,,,40,802,2013-07-02 03:00:00,2013,7
171796,1372712400,26.1,26.0,26.2,1010.8,,,88,2.1,110,,,,,,,40,802,2013-07-02 04:00:00,2013,7
171797,1372716000,26.12,26.0,26.2,1010.8,,,88,3.1,100,,,,,,,40,802,2013-07-02 05:00:00,2013,7
171798,1372719600,26.3,26.0,26.5,1010.8,,,88,2.6,70,,,,,0.3,,40,802,2013-07-02 06:00:00,2013,7
171799,1372723200,26.75,26.5,27.0,1011.9,,,78,1.5,70,,,,,0.3,,40,802,2013-07-02 07:00:00,2013,7
171800,1372726800,27.09,26.5,28.0,1012.9,,,78,2.6,70,,,,,0.3,,75,803,2013-07-02 08:00:00,2013,7
171801,1372730400,28.09,27.0,28.8,1012.9,,,88,3.1,90,,0.8,,,,,75,500,2013-07-02 09:00:00,2013,7
171802,1372734000,28.9,28.8,29.0,1012.5,,,76,3.6,100,,0.8,,,,,40,500,2013-07-02 10:00:00,2013,7
171803,1372737600,28.88,28.8,29.0,1011.9,,,74,4.6,130,,0.8,,,,,75,500,2013-07-02 11:00:00,2013,7
171804,1372741200,29.24,29.0,29.4,1010.8,,,74,6.7,120,,,0.8,,,,75,803,2013-07-02 12:00:00,2013,7
171805,1372744800,29.2,29.0,29.4,1010.2,,,73,6.7,140,,,0.8,,,,40,802,2013-07-02 13:00:00,2013,7
171806,1372748400,29.24,29.0,29.4,1009.1,,,74,6.2,120,,,0.8,,,,40,802,2013-07-02 14:00:00,2013,7
171807,1372752000,28.55,28.2,29.0,1009.1,,,74,4.6,140,,,,,,,40,802,2013-07-02 15:00:00,2013,7
171808,1372755600,28.1,28.0,28.2,1009.1,,,78,5.1,110,,,,,,,20,801,2013-07-02 16:00:00,2013,7
171809,1372759200,28.12,28.0,28.2,1009.1,,,78,4.1,120,,,,,,,20,801,2013-07-02 17:00:00,2013,7
171810,1372762800,26.88,26.8,27.0,1010.2,,,83,5.1,120,,,,,,,20,801,2013-07-02 18:00:00,2013,7
171811,1372766400,26.9,26.8,27.0,1009.7,,,88,3.6,120,,,,,,,20,801,2013-07-02 19:00:00,2013,7
171812,1372770000,26.88,26.8,27.0,1010.8,,,88,4.1,110,,,,,,,20,801,2013-07-02 20:00:00,2013,7
171813,1372773600,26.82,26.7,27.0,1010.8,,,88,4.1,110,,,,,,,20,801,2013-07-02 21:00:00,2013,7
171814,1372777200,26.85,26.7,27.0,1011.3,,,85,5.1,120,,,,,,,20,801,2013-07-02 22:00:00,2013,7
171815,1372780800,26.82,26.7,27.0,1011.9,,,83,4.1,120,,,,,,,20,801,2013-07-02 23:00:00,2013,7
171816,1372784400,26.76,26.6,27.0,1011.9,,,83,3.6,130,,,,,,,75,803,2013-07-03 00:00:00,2013,7
171817,1372788000,26.8,26.6,27.0,1010.8,,,83,3.1,120,,,,,,,75,803,2013-07-03 01:00:00,2013,7
171818,1372791600,26.36,26.0,26.6,1010.8,,,88,2.6,120,,,,,,,40,802,2013-07-03 02:00:00,2013,7
171819,1372795200,26.4,26.4,26.4,1010.4,,,88,3.6,110,,,,,,,40,802,2013-07-03 03:00:00,2013,7
171820,1372798800,26.4,26.4,26.4,1010.4,,,88,3.6,110,,,,,,,40,802,2013-07-03 04:00:00,2013,7
171821,1372802400,26.24,26.0,26.4,1010.8,,,88,3.1,130,,,,,,,40,802,2013-07-03 05:00:00,2013,7
171822,1372806000,26.24,26.0,26.4,1010.8,,,88,3.6,90,,,,,0.8,,40,802,2013-07-03 06:00:00,2013,7
171823,1372809600,26.2,26.0,26.4,1012.2,,,88,4.82,99,,,,,0.8,,40,802,2013-07-03 07:00:00,2013,7
171824,1372813200,27.03,26.4,28.0,1011.9,,,78,2.6,100,,,,,0.8,,40,802,2013-07-03 08:00:00,2013,7
171825,1372816800,29.0,29.0,29.0,1011.9,,,74,3.1,90,,,,,,,40,802,2013-07-03 09:00:00,2013,7
171826,1372820400,29.0,29.0,29.0,1011.9,,,74,4.1,100,,,,,,,40,802,2013-07-03 10:00:00,2013,7
171827,1372824000,29.39,29.0,30.0,1011.9,,,74,4.1,100,,,,,,,40,802,2013-07-03 11:00:00,2013,7
171828,1372827600,29.52,29.2,30.0,1010.8,,,70,4.6,110,,,,,,,40,802,2013-07-03 12:00:00,2013,7
171829,1372831200,29.1,29.0,29.2,1009.8,,,73,5.1,110,,,,,,,40,802,2013-07-03 13:00:00,2013,7
171830,1372834800,29.12,29.0,29.2,1009.1,,,74,4.1,120,,,,,,,40,802,2013-07-03 14:00:00,2013,7
171831,1372838400,28.76,28.6,29.0,1009.1,,,66,5.7,120,,,,,,,20,801,2013-07-03 15:00:00,2013,7
171832,1372842000,28.8,28.6,29.0,1009.1,,,66,3.6,120,,,,,,,20,801,2013-07-03 16:00:00,2013,7
171833,1372845600,28.36,28.0,28.6,1009.1,,,74,4.6,110,,,,,,,20,801,2013-07-03 17:00:00,2013,7
171834,1372849200,26.88,26.8,27.0,1010.2,,,78,3.6,120,,,,,,,20,801,2013-07-03 18:00:00,2013,7
171835,1372852800,26.9,26.8,27.0,1009.9,,,78,3.1,120,,,,,,,6,800,2013-07-03 19:00:00,2013,7
171836,1372856400,26.88,26.8,27.0,1010.8,,,78,2.6,140,,,,,,,20,801,2013-07-03 20:00:00,2013,7
171837,1372860000,26.76,26.6,27.0,1010.8,,,83,4.6,130,,,,,,,20,801,2013-07-03 21:00:00,2013,7
171838,1372863600,26.8,26.6,27.0,1011.6,,,82,3.6,130,,,,,,,20,801,2013-07-03 22:00:00,2013,7
171839,1372867200,26.36,26.0,26.6,1010.8,,,83,3.6,120,,,,,,,20,801,2013-07-03 23:00:00,2013,7
171840,1372870800,26.0,26.0,26.0,1010.8,,,83,2.1,120,,,,,,,20,801,2013-07-04 00:00:00,2013,7
171841,1372874400,26.0,26.0,26.0,1010.9,,,85,3.1,100,,,,,,,20,801,2013-07-04 01:00:00,2013,7
171842,1372878000,26.0,26.0,26.0,1010.9,,,85,3.1,100,,,,,,,18,801,2013-07-04 02:00:00,2013,7
171843,1372881600,26.0,26.0,26.0,1010.2,,,84,3.1,90,,,,,,,20,801,2013-07-04 03:00:00,2013,7
171844,1372885200,26.0,26.0,26.0,1010.2,,,84,3.1,90,,,,,,,20,801,2013-07-04 04:00:00,2013,7
171845,1372888800,26.0,26.0,26.0,1010.8,,,83,2.6,60,,,,,,,40,802,2013-07-04 05:00:00,2013,7
171846,1372892400,25.61,25.0,26.0,1010.8,,,88,2.6,60,,,,,,,40,802,2013-07-04 06:00:00,2013,7
171847,1372896000,26.0,26.0,26.0,1011.7,,,81,2.6,50,,,,,,,20,801,2013-07-04 07:00:00,2013,7
171848,1372899600,26.79,26.0,28.0,1011.9,,,69,3.1,80,,,,,,,20,801,2013-07-04 08:00:00,2013,7
171849,1372903200,29.12,29.0,29.2,1012.9,,,70,3.6,90,,,,,,,40,802,2013-07-04 09:00:00,2013,7
171850,1372906800,29.1,29.0,29.2,1012.0,,,75,4.1,100,,,,,,,40,802,2013-07-04 10:00:00,2013,7
171851,1372910400,29.12,29.0,29.2,1011.9,,,70,4.1,100,,,,,,,40,802,2013-07-04 11:00:00,2013,7
171852,1372914000,29.24,29.0,29.4,1010.8,,,70,4.1,120,,,,,,,40,802,2013-07-04 12:00:00,2013,7
171853,1372917600,29.2,29.0,29.4,1009.9,,,64,4.1,120,,,,,,,20,801,2013-07-04 13:00:00,2013,7
171854,1372921200,29.24,29.0,29.4,1010.2,,,66,7.2,120,,,,,,,20,801,2013-07-04 14:00:00,2013,7
171855,1372924800,28.64,28.4,29.0,1010.2,,,66,5.1,110,,,,,,,20,801,2013-07-04 15:00:00,2013,7
171856,1372928400,28.2,28.0,28.4,1008.8,,,67,5.7,110,,,,,,,10,800,2013-07-04 16:00:00,2013,7
171857,1372932000,27.85,27.0,28.4,1010.2,,,74,5.1,120,,,,,,,20,801,2013-07-04 17:00:00,2013,7
171858,1372935600,26.88,26.8,27.0,1010.2,,,74,3.6,120,,,,,,,20,801,2013-07-04 18:00:00,2013,7
171859,1372939200,26.9,26.8,27.0,1010.5,,,76,3.6,110,,,,,,,13,801,2013-07-04 19:00:00,2013,7
171860,1372942800,26.89,26.8,27.0,1010.8,,,74,4.1,120,,,,,,,20,801,2013-07-04 20:00:00,2013,7
171861,1372946400,26.7,26.5,27.0,1011.9,,,78,4.1,120,,,,,,,20,801,2013-07-04 21:00:00,2013,7
171862,1372950000,26.75,26.5,27.0,1011.6,,,81,3.6,110,0.22,,,,,,46,500,2013-07-04 22:00:00,2013,7
171863,1372953600,26.3,26.0,26.5,1011.9,,,83,3.6,100,,,,,,,20,801,2013-07-04 23:00:00,2013,7
171864,1372957200,26.24,26.0,26.4,1011.9,,,83,3.6,110,,,,,,,20,801,2013-07-05 00:00:00,2013,7
171865,1372960800,26.2,26.0,26.4,1011.0,,,80,3.1,110,,,,,,,40,802,2013-07-05 01:00:00,2013,7
171866,1372964400,26.24,26.0,26.4,1010.8,,,83,3.1,110,,,,,,,75,803,2013-07-05 02:00:00,2013,7
171867,1372968000,24.2,24.2,24.2,1010.5,,,90,5.26,104,,,,,,,40,802,2013-07-05 03:00:00,2013,7
171868,1372971600,24.2,24.2,24.2,1010.5,,,90,5.12,103,,,,,,,40,802,2013-07-05 04:00:00,2013,7
171869,1372975200,24.12,24.0,24.2,1010.8,,,94,5.24,104,,,,,,,75,803,2013-07-05 05:00:00,2013,7
171870,1372978800,23.85,23.0,24.4,1011.9,,,88,4.91,97,,,,,,,20,801,2013-07-05 06:00:00,2013,7
171871,1372982400,24.2,24.0,24.4,1011.7,,,82,1.5,360,,,,,,,20,801,2013-07-05 07:00:00,2013,7
171872,1372986000,25.82,24.4,28.0,1012.9,,,69,4.45,93,,,,,,,20,801,2013-07-05 08:00:00,2013,7
171873,1372989600,29.0,29.0,29.0,1012.9,,,66,3.1,110,,,,,,,40,802,2013-07-05 09:00:00,2013,7
171874,1372993200,29.0,29.0,29.0,1012.7,,,66,5.1,110,,,,,,,40,802,2013-07-05 10:00:00,2013,7
171875,1372996800,29.0,29.0,29.0,1012.9,,,66,6.2,110,,,,,,,40,802,2013-07-05 11:00:00,2013,7
171876,1373000400,29.82,29.7,30.0,1011.9,,,58,5.1,120,,,,,,,40,802,2013-07-05 12:00:00,2013,7
171877,1373004000,29.85,29.7,30.0,1010.7,,,61,5.7,110,,,,,,,20,801,2013-07-05 13:00:00,2013,7
171878,1373007600,29.42,29.0,29.7,1010.2,,,70,6.2,120,,,,,,,20,801,2013-07-05 14:00:00,2013,7
171879,1373011200,28.76,28.6,29.0,1009.1,,,70,6.2,120,,,,,,,20,801,2013-07-05 15:00:00,2013,7
171880,1373014800,28.8,28.6,29.0,1009.3,,,72,5.7,130,,,,,,,0,800,2013-07-05 16:00:00,2013,7
171881,1373018400,28.36,28.0,28.6,1009.1,,,74,5.7,120,,,,,,,20,801,2013-07-05 17:00:00,2013,7
171882,1373022000,26.94,26.9,27.0,1010.2,,,78,5.7,120,,,,,,,20,801,2013-07-05 18:00:00,2013,7
171883,1373025600,26.45,26.0,26.9,1010.5,,,81,5.1,100,,,,,,,20,801,2013-07-05 19:00:00,2013,7
171884,1373029200,26.94,26.9,27.0,1010.8,,,78,3.6,110,,,,,,,20,801,2013-07-05 20:00:00,2013,7
171885,1373032800,26.88,26.8,27.0,1010.8,,,78,5.1,110,,,,,,,20,801,2013-07-05 21:00:00,2013,7
171886,1373036400,26.9,26.8,27.0,1010.8,,,78,4.6,100,,,,,,,40,802,2013-07-05 22:00:00,2013,7
171887,1373040000,26.88,26.8,27.0,1010.8,,,78,4.1,100,,,,,,,20,801,2013-07-05 23:00:00,2013,7
171888,1373043600,27.0,27.0,27.0,1010.8,,,78,4.1,110,,,,,,,40,802,2013-07-06 00:00:00,2013,7
171889,1373047200,27.0,27.0,27.0,1010.8,,,78,4.1,110,,,,,,,75,803,2013-07-06 01:00:00,2013,7
171890,1373050800,27.0,27.0,27.0,1010.8,,,78,3.6,110,,,,,,,75,803,2013-07-06 02:00:00,2013,7
171891,1373054400,24.46,24.1,25.0,1010.8,,,83,2.1,30,,0.4,,,,,75,500,2013-07-06 03:00:00,2013,7
171892,1373058000,24.05,24.0,24.1,1010.5,,,91,5.62,100,,0.4,,,,,40,500,2013-07-06 04:00:00,2013,7
171893,1373061600,24.06,24.0,24.1,1011.9,,,94,1.5,10,,0.4,,,,,75,501,2013-07-06 05:00:00,2013,7
171894,1373065200,24.42,24.0,24.7,1012.9,,,94,4.98,102,,2.0,,,2.0,,75,501,2013-07-06 06:00:00,2013,7
171895,1373068800,24.85,24.7,25.0,1012.1,,,89,1.5,50,,2.0,,,2.0,,40,500,2013-07-06 07:00:00,2013,7
171896,1373072400,25.61,24.7,27.0,1013.9,,,88,2.6,80,,2.0,,,2.0,,75,500,2013-07-06 08:00:00,2013,7
171897,1373076000,28.12,28.0,28.2,1013.9,,,74,6.2,110,,,,,,,40,802,2013-07-06 09:00:00,2013,7
171898,1373079600,28.1,28.0,28.2,1013.8,,,74,6.2,120,,,,,,,40,802,2013-07-06 10:00:00,2013,7
171899,1373083200,28.52,28.2,29.0,1012.9,,,70,7.7,100,,,,,,,40,802,2013-07-06 11:00:00,2013,7
171900,1373086800,29.06,29.0,29.1,1011.9,,,70,5.1,100,,,,,,,75,803,2013-07-06 12:00:00,2013,7
171901,1373090400,29.05,29.0,29.1,1011.8,,,71,6.2,130,,,0.0,,,,40,802,2013-07-06 13:00:00,2013,7
171902,1373094000,29.06,29.0,29.1,1010.8,,,70,6.2,120,,,,,,,20,801,2013-07-06 14:00:00,2013,7
171903,1373097600,28.27,27.8,29.0,1010.2,,,70,5.1,140,,,,,,,20,801,2013-07-06 15:00:00,2013,7
171904,1373101200,27.9,27.8,28.0,1010.2,,,69,5.1,110,,,,,,,20,801,2013-07-06 16:00:00,2013,7
171905,1373104800,27.48,27.0,27.8,1010.8,,,69,4.1,100,,,,,,,20,801,2013-07-06 17:00:00,2013,7
171906,1373108400,25.39,25.0,26.0,1010.8,,,78,4.1,100,,,,,,,40,802,2013-07-06 18:00:00,2013,7
171907,1373112000,25.5,25.0,26.0,1011.9,,,78,4.1,100,,,,,,,40,802,2013-07-06 19:00:00,2013,7
171908,1373115600,25.79,25.0,27.0,1011.9,,,69,3.1,120,,,,,,,20,801,2013-07-06 20:00:00,2013,7
171909,1373119200,26.18,26.0,26.3,1011.9,,,73,5.1,110,,,,,,,20,801,2013-07-06 21:00:00,2013,7
171910,1373122800,26.15,26.0,26.3,1012.9,,,73,5.1,100,,,,,,,20,801,2013-07-06 22:00:00,2013,7
171911,1373126400,26.18,26.0,26.3,1012.9,,,73,4.1,100,,,,,,,20,801,2013-07-06 23:00:00,2013,7
171912,1373130000,26.12,26.0,26.2,1012.9,,,78,4.1,90,,,,,,,75,803,2013-07-07 00:00:00,2013,7
171913,1373133600,26.1,26.0,26.2,1012.0,,,70,4.1,100,,,,,,,20,801,2013-07-07 01:00:00,2013,7
171914,1373137200,26.1,26.0,26.2,1011.9,,,73,6.83,111,,,,,,,40,802,2013-07-07 02:00:00,2013,7
171915,1373140800,23.1,23.0,23.2,1011.6,,,84,1.5,30,,,,,,,20,801,2013-07-07 03:00:00,2013,7
171916,1373144400,23.2,23.2,23.2,1011.6,,,84,1.5,30,,,,,,,20,801,2013-07-07 04:00:00,2013,7
171917,1373148000,23.12,23.0,23.2,1012.0,,,83,6.45,108,,,,,,,40,802,2013-07-07 05:00:00,2013,7
171918,1373151600,24.33,23.0,25.2,1012.0,,,83,6.4,111,,,,,,,40,802,2013-07-07 06:00:00,2013,7
171919,1373155200,25.1,25.0,25.2,1012.6,,,72,6.43,111,,,,,0.0,,40,802,2013-07-07 07:00:00,2013,7
171920,1373158800,25.91,25.2,27.0,1013.9,,,65,3.6,90,,,,,,,40,802,2013-07-07 08:00:00,2013,7
171921,1373162400,28.48,28.0,28.8,1013.9,,,65,6.2,110,,,,,,,40,802,2013-07-07 09:00:00,2013,7
171922,1373166000,28.9,28.8,29.0,1013.9,,,58,4.1,100,,,,,,,40,802,2013-07-07 10:00:00,2013,7
171923,1373169600,28.88,28.8,29.0,1012.9,,,58,5.1,100,,,,,,,40,802,2013-07-07 11:00:00,2013,7
171924,1373173200,29.0,29.0,29.0,1012.9,,,58,3.1,110,,,,,,,40,802,2013-07-07 12:00:00,2013,7
171925,1373176800,29.0,29.0,29.0,1011.9,,,58,6.2,100,,,,,,,40,802,2013-07-07 13:00:00,2013,7
171926,1373180400,29.0,29.0,29.0,1010.8,,,62,5.1,100,,,,,,,40,802,2013-07-07 14:00:00,2013,7
171927,1373184000,28.27,27.8,29.0,1010.2,,,58,4.1,100,,,,,,,40,802,2013-07-07 15:00:00,2013,7
171928,1373187600,27.9,27.8,28.0,1010.8,,,65,4.1,100,,,,,,,40,802,2013-07-07 16:00:00,2013,7
171929,1373191200,27.09,26.0,27.8,1010.8,,,73,3.6,100,,,,,,,40,802,2013-07-07 17:00:00,2013,7
171930,1373194800,26.12,26.0,26.2,1010.8,,,73,3.6,100,,,,,,,40,802,2013-07-07 18:00:00,2013,7
171931,1373198400,26.1,26.0,26.2,1011.5,,,70,3.1,110,,,,,,,20,801,2013-07-07 19:00:00,2013,7
171932,1373202000,26.12,26.0,26.2,1011.9,,,69,3.1,100,,,,,,,40,802,2013-07-07 20:00:00,2013,7
171933,1373205600,26.0,26.0,26.0,1011.9,,,69,3.1,130,,,,,,,40,802,2013-07-07 21:00:00,2013,7
171934,1373209200,26.0,26.0,26.0,1011.8,,,70,3.6,120,,,,,,,40,802,2013-07-07 22:00:00,2013,7
171935,1373212800,26.0,26.0,26.0,1011.9,,,69,3.1,100,,,,,,,40,802,2013-07-07 23:00:00,2013,7
171936,1373216400,25.27,24.8,26.0,1011.9,,,69,1.5,40,,,,,,,40,802,2013-07-08 00:00:00,2013,7
171937,1373220000,24.9,24.8,25.0,1011.5,,,77,5.37,112,,,,,,,40,802,2013-07-08 01:00:00,2013,7
171938,1373223600,24.48,24.0,24.8,1011.9,,,78,1.5,100,,,,,,,75,803,2013-07-08 02:00:00,2013,7
171939,1373227200,23.2,22.4,24.0,1011.2,,,87,5.3,109,,,,,,,20,801,2013-07-08 03:00:00,2013,7
171940,1373230800,22.4,22.4,22.4,1011.2,,,87,5.36,110,,,,,,,20,801,2013-07-08 04:00:00,2013,7
171941,1373234400,22.22,22.0,22.4,1011.9,,,83,5.05,105,,,,,,,40,802,2013-07-08 05:00:00,2013,7
171942,1373238000,22.61,22.0,23.0,1011.9,,,88,5.19,106,,,,,,,75,803,2013-07-08 06:00:00,2013,7
171943,1373241600,23.0,23.0,23.0,1012.1,,,81,1.5,80,,,,,,,40,802,2013-07-08 07:00:00,2013,7
171944,1373245200,24.58,23.0,27.0,1012.9,,,65,2.6,70,,,,,,,20,801,2013-07-08 08:00:00,2013,7
171945,1373248800,28.0,28.0,28.0,1012.9,,,61,3.6,90,,,,,,,20,801,2013-07-08 09:00:00,2013,7
171946,1373252400,28.0,28.0,28.0,1012.7,,,61,3.6,100,,,,,,,20,801,2013-07-08 10:00:00,2013,7
171947,1373256000,28.0,28.0,28.0,1012.9,,,61,4.1,100,,,,,,,40,802,2013-07-08 11:00:00,2013,7
171948,1373259600,28.76,28.6,29.0,1011.9,,,58,4.6,100,,,,,,,40,802,2013-07-08 12:00:00,2013,7
171949,1373263200,28.8,28.6,29.0,1012.3,,,59,4.6,100,,,,,,,20,801,2013-07-08 13:00:00,2013,7
171950,1373266800,28.76,28.6,29.0,1010.8,,,62,3.6,120,,,,,,,40,802,2013-07-08 14:00:00,2013,7
171951,1373270400,27.94,27.9,28.0,1010.8,,,65,4.6,100,,,,,,,20,801,2013-07-08 15:00:00,2013,7
171952,1373274000,27.95,27.9,28.0,1010.2,,,69,3.1,120,,,,,,,20,801,2013-07-08 16:00:00,2013,7
171953,1373277600,27.94,27.9,28.0,1010.8,,,69,4.1,130,,,,,,,20,801,2013-07-08 17:00:00,2013,7
171954,1373281200,25.64,25.4,26.0,1010.8,,,78,2.6,110,,,,,,,20,801,2013-07-08 18:00:00,2013,7
171955,1373284800,25.2,25.0,25.4,1011.9,,,83,1.5,130,,,,,,,40,802,2013-07-08 19:00:00,2013,7
171956,1373288400,25.24,25.0,25.4,1011.9,,,83,3.1,100,,,,,,,40,802,2013-07-08 20:00:00,2013,7
171957,1373292000,25.61,25.0,26.0,1011.9,,,83,2.6,110,,,,,,,40,802,2013-07-08 21:00:00,2013,7
171958,1373295600,26.0,26.0,26.0,1011.9,,,73,2.1,90,,,,,,,40,802,2013-07-08 22:00:00,2013,7
171959,1373299200,26.0,26.0,26.0,1011.9,,,78,3.6,100,,,,,,,75,803,2013-07-08 23:00:00,2013,7
171960,1373302800,23.82,23.7,24.0,1011.9,,,83,1.5,20,,,,,,,40,802,2013-07-09 00:00:00,2013,7
171961,1373306400,23.85,23.7,24.0,1011.1,,,82,1.0,20,,,,,,,40,802,2013-07-09 01:00:00,2013,7
171962,1373310000,23.82,23.7,24.0,1010.8,,,83,5.52,97,,,,,,,75,803,2013-07-09 02:00:00,2013,7
171963,1373313600,22.95,21.9,24.0,1010.8,,,83,5.21,95,,,,,,,75,803,2013-07-09 03:00:00,2013,7
171964,1373317200,21.9,21.9,21.9,1010.8,,,90,5.18,95,,,,,,,20,801,2013-07-09 04:00:00,2013,7
171965,1373320800,21.54,21.0,21.9,1010.8,,,88,4.97,88,,,,,,,20,801,2013-07-09 05:00:00,2013,7
171966,1373324400,22.82,21.0,24.0,1011.9,,,88,4.75,86,,,,,,,20,801,2013-07-09 06:00:00,2013,7
171967,1373328000,24.0,24.0,24.0,1011.9,,,88,4.35,84,,,,,,,40,802,2013-07-09 07:00:00,2013,7
171968,1373331600,25.18,24.0,27.0,1012.9,,,69,4.16,89,,,,,,,20,801,2013-07-09 08:00:00,2013,7
171969,1373335200,28.3,28.0,28.5,1012.9,,,74,1.5,80,,,,,,,40,802,2013-07-09 09:00:00,2013,7
171970,1373338800,28.75,28.5,29.0,1012.1,,,76,2.6,80,,,,,,,20,801,2013-07-09 10:00:00,2013,7
171971,1373342400,28.7,28.5,29.0,1011.9,,,70,3.6,100,,,,,,,40,802,2013-07-09 11:00:00,2013,7
171972,1373346000,29.06,29.0,29.1,1010.8,,,70,4.1,110,,,,,,,40,802,2013-07-09 12:00:00,2013,7
171973,1373349600,29.05,29.0,29.1,1010.8,,,70,4.6,120,,,,,,,40,802,2013-07-09 13:00:00,2013,7
171974,1373353200,29.06,29.0,29.1,1010.2,,,70,4.1,120,,,,,,,40,802,2013-07-09 14:00:00,2013,7
171975,1373356800,27.88,27.8,28.0,1010.2,,,74,5.7,120,,,,,,,40,802,2013-07-09 15:00:00,2013,7
171976,1373360400,27.9,27.8,28.0,1009.5,,,76,3.6,130,,,,,,,20,801,2013-07-09 16:00:00,2013,7
171977,1373364000,27.09,26.0,27.8,1010.2,,,83,2.1,130,,,,,,,20,801,2013-07-09 17:00:00,2013,7
171978,1373367600,25.64,25.4,26.0,1010.8,,,78,2.1,120,,,,,,,20,801,2013-07-09 18:00:00,2013,7
171979,1373371200,25.2,25.0,25.4,1011.1,,,85,1.5,120,,,,,,,99,804,2013-07-09 19:00:00,2013,7
171980,1373374800,25.64,25.4,26.0,1011.9,,,78,3.1,110,,,,,,,20,801,2013-07-09 20:00:00,2013,7
171981,1373378400,26.12,26.0,26.2,1011.9,,,78,2.6,140,,,,,,,40,802,2013-07-09 21:00:00,2013,7
171982,1373382000,26.1,26.0,26.2,1012.2,,,78,3.6,130,,,,,,,40,802,2013-07-09 22:00:00,2013,7
171983,1373385600,26.12,26.0,26.2,1011.9,,,78,4.1,120,,,,,,,40,802,2013-07-09 23:00:00,2013,7
171984,1373389200,26.06,26.0,26.1,1011.9,,,78,3.1,120,,,,,,,40,802,2013-07-10 00:00:00,2013,7
171985,1373392800,26.05,26.0,26.1,1011.5,,,79,3.1,120,,,,,,,20,801,2013-07-10 01:00:00,2013,7
171986,1373396400,26.06,26.0,26.1,1010.8,,,78,3.6,120,,,,,,,20,801,2013-07-10 02:00:00,2013,7
171987,1373400000,25.83,25.7,26.0,1010.8,,,78,2.1,120,,,,,,,20,801,2013-07-10 03:00:00,2013,7
171988,1373403600,25.85,25.7,26.0,1010.8,,,83,3.1,110,,,,,,,40,802,2013-07-10 04:00:00,2013,7
171989,1373407200,25.82,25.7,26.0,1010.8,,,83,2.6,100,,,,,,,40,802,2013-07-10 05:00:00,2013,7
171990,1373410800,26.0,26.0,26.0,1010.8,,,83,2.6,110,,,,,,,40,802,2013-07-10 06:00:00,2013,7
171991,1373414400,27.0,27.0,27.0,1011.9,,,74,4.1,110,,,,,,,40,802,2013-07-10 07:00:00,2013,7
171992,1373418000,28.0,28.0,28.0,1011.9,,,69,5.1,100,,,,,,,75,803,2013-07-10 08:00:00,2013,7
171993,1373421600,28.0,28.0,28.0,1011.9,,,69,5.7,100,,,,,,,40,802,2013-07-10 09:00:00,2013,7
171994,1373425200,28.0,28.0,28.0,1011.9,,,74,6.2,100,,,,,,,40,802,2013-07-10 10:00:00,2013,7
171995,1373428800,28.39,28.0,29.0,1010.8,,,70,6.2,110,,,,,,,40,802,2013-07-10 11:00:00,2013,7
171996,1373432400,29.18,29.0,29.3,1010.8,,,70,5.1,110,,,,,,,20,801,2013-07-10 12:00:00,2013,7
171997,1373436000,29.15,29.0,29.3,1010.2,,,70,5.7,110,,,,,,,20,801,2013-07-10 13:00:00,2013,7
171998,1373439600,29.18,29.0,29.3,1009.1,,,70,4.6,120,,,,,,,20,801,2013-07-10 14:00:00,2013,7
171999,1373443200,27.88,27.8,28.0,1008.1,,,74,3.6,120,,,,,,,20,801,2013-07-10 15:00:00,2013,7
172000,1373446800,27.9,27.8,28.0,1008.1,,,77,5.1,120,,,,,,,20,801,2013-07-10 16:00:00,2013,7
172001,1373450400,27.48,27.0,27.8,1009.1,,,78,3.6,120,,,,,,,20,801,2013-07-10 17:00:00,2013,7
172002,1373454000,25.7,25.5,26.0,1009.1,,,83,4.1,130,,,,,,,20,801,2013-07-10 18:00:00,2013,7
172003,1373457600,25.8,25.5,26.0,1008.9,,,83,2.6,110,,,,,,,20,801,2013-07-10 19:00:00,2013,7
172004,1373461200,25.5,25.5,25.5,1008.9,,,83,2.6,110,,,,,,,20,801,2013-07-10 20:00:00,2013,7
172005,1373464800,25.6,25.6,25.6,1010.8,,,82,2.1,140,,,,,,,20,801,2013-07-10 21:00:00,2013,7
172006,1373468400,25.6,25.6,25.6,1010.8,,,82,2.1,140,,,,,,,20,801,2013-07-10 22:00:00,2013,7
172007,1373472000,25.6,25.6,25.6,1010.8,,,82,2.1,140,,,,,,,20,801,2013-07-10 23:00:00,2013,7
172008,1373475600,25.61,25.0,26.0,1010.8,,,83,1.5,150,,,,,,,40,802,2013-07-11 00:00:00,2013,7
172009,1373479200,26.0,26.0,26.0,1010.3,,,79,4.6,120,,,,,,,20,801,2013-07-11 01:00:00,2013,7
172010,1373482800,26.0,26.0,26.0,1010.3,,,79,4.6,120,,,,,,,20,801,2013-07-11 02:00:00,2013,7
172011,1373486400,25.4,25.4,25.4,1009.7,,,81,3.1,110,,,,,,,20,801,2013-07-11 03:00:00,2013,7
172012,1373490000,25.2,25.0,25.4,1009.7,,,81,3.1,110,,,,,,,20,801,2013-07-11 04:00:00,2013,7
172013,1373493600,25.24,25.0,25.4,1010.2,,,83,2.1,110,,,,,,,20,801,2013-07-11 05:00:00,2013,7
172014,1373497200,24.3,24.0,24.5,1010.8,,,88,1.5,160,,,,,,,40,802,2013-07-11 06:00:00,2013,7
172015,1373500800,24.75,24.5,25.0,1010.5,,,88,5.91,125,,,,,,,20,801,2013-07-11 07:00:00,2013,7
172016,1373504400,25.49,24.5,27.0,1011.9,,,78,3.1,120,,,,,,,20,801,2013-07-11 08:00:00,2013,7
172017,1373508000,28.12,28.0,28.2,1011.9,,,69,4.6,130,,,,,,,20,801,2013-07-11 09:00:00,2013,7
172018,1373511600,28.1,28.0,28.2,1011.9,,,69,3.6,100,,,,,,,40,802,2013-07-11 10:00:00,2013,7
172019,1373515200,28.52,28.2,29.0,1010.8,,,70,3.1,120,,,,,,,40,802,2013-07-11 11:00:00,2013,7
172020,1373518800,29.0,29.0,29.0,1010.8,,,70,5.1,120,,,,,,,40,802,2013-07-11 12:00:00,2013,7
172021,1373522400,29.0,29.0,29.0,1009.9,,,71,4.1,110,,,,,,,20,801,2013-07-11 13:00:00,2013,7
172022,1373526000,28.61,28.0,29.0,1009.1,,,74,4.1,100,,,,,,,40,802,2013-07-11 14:00:00,2013,7
172023,1373529600,27.88,27.8,28.0,1009.1,,,74,4.6,90,,,,,,,40,802,2013-07-11 15:00:00,2013,7
172024,1373533200,27.9,27.8,28.0,1009.1,,,74,3.6,110,,,,,,,40,802,2013-07-11 16:00:00,2013,7
172025,1373536800,27.48,27.0,27.8,1009.1,,,78,2.6,110,,,,,,,40,802,2013-07-11 17:00:00,2013,7
172026,1373540400,26.0,26.0,26.0,1010.2,,,88,1.5,110,,,,,,,40,802,2013-07-11 18:00:00,2013,7
172027,1373544000,26.0,26.0,26.0,1009.4,,,82,2.1,100,,,,,,,40,802,2013-07-11 19:00:00,2013,7
172028,1373547600,25.21,24.0,26.0,1010.8,,,94,2.1,120,,,,,,,75,803,2013-07-11 20:00:00,2013,7
172029,1373551200,23.76,23.6,24.0,1011.9,,,94,3.61,103,,3.0,,,,,40,500,2013-07-11 21:00:00,2013,7
172030,1373554800,23.8,23.6,24.0,1011.0,,,96,1.0,70,,3.0,,,,,40,500,2013-07-11 22:00:00,2013,7
172031,1373558400,22.97,22.0,23.6,1011.9,,,94,4.6,130,,3.0,,,,,75,500,2013-07-11 23:00:00,2013,7
172032,1373562000,23.7,23.5,24.0,1010.8,,,88,2.1,90,,5.0,7.1,,,,40,501,2013-07-12 00:00:00,2013,7
172033,1373565600,23.75,23.5,24.0,1010.7,,,92,1.5,30,,5.0,7.1,,,,40,501,2013-07-12 01:00:00,2013,7
172034,1373569200,23.3,23.0,23.5,1010.8,,,94,5.93,112,,5.0,7.1,,,,40,501,2013-07-12 02:00:00,2013,7
172035,1373572800,23.5,23.0,23.9,1010.8,,,94,6.59,112,,,,,,,40,802,2013-07-12 03:00:00,2013,7
172036,1373576400,23.45,23.0,23.9,1010.7,,,88,1.5,120,,,,,,,20,801,2013-07-12 04:00:00,2013,7
172037,1373580000,24.33,23.9,25.0,1010.8,,,88,2.1,110,,,,,,,40,802,2013-07-12 05:00:00,2013,7
172038,1373583600,25.54,25.0,25.9,1010.8,,,83,3.6,120,,,,,7.1,,40,802,2013-07-12 06:00:00,2013,7
172039,1373587200,25.95,25.9,26.0,1011.9,,,78,4.6,120,,,,,7.1,,40,802,2013-07-12 07:00:00,2013,7
172040,1373590800,26.33,25.9,27.0,1011.9,,,78,4.1,100,,,,,7.1,,40,802,2013-07-12 08:00:00,2013,7
172041,1373594400,27.73,27.0,28.2,1011.9,,,74,5.7,110,,,,,,,40,802,2013-07-12 09:00:00,2013,7
172042,1373598000,28.1,28.0,28.2,1011.4,,,69,6.2,100,,,,,,,20,801,2013-07-12 10:00:00,2013,7
172043,1373601600,28.12,28.0,28.2,1010.8,,,69,4.6,120,,,,,,,40,802,2013-07-12 11:00:00,2013,7
172044,1373605200,28.36,28.0,28.6,1010.8,,,65,4.6,100,,,,,,,40,802,2013-07-12 12:00:00,2013,7
172045,1373608800,28.8,28.6,29.0,1009.9,,,67,5.1,120,,,,,,,40,802,2013-07-12 13:00:00,2013,7
172046,1373612400,28.76,28.6,29.0,1010.2,,,66,5.1,90,,,,,,,40,802,2013-07-12 14:00:00,2013,7
172047,1373616000,28.22,27.6,29.0,1009.1,,,66,5.1,100,,,,,,,40,802,2013-07-12 15:00:00,2013,7
172048,1373619600,27.8,27.6,28.0,1009.1,,,69,5.1,80,,,,,,,20,801,2013-07-12 16:00:00,2013,7
172049,1373623200,26.97,26.0,27.6,1009.1,,,78,4.1,100,,,,,,,20,801,2013-07-12 17:00:00,2013,7
172050,1373626800,25.76,25.6,26.0,1010.2,,,78,4.1,100,,,,,,,20,801,2013-07-12 18:00:00,2013,7
172051,1373630400,25.8,25.6,26.0,1010.4,,,79,4.1,110,,,,,,,20,801,2013-07-12 19:00:00,2013,7
172052,1373634000,25.36,25.0,25.6,1010.8,,,83,3.1,80,,,,,,,20,801,2013-07-12 20:00:00,2013,7
172053,1373637600,25.24,25.0,25.4,1010.8,,,83,4.1,80,,,,,,,20,801,2013-07-12 21:00:00,2013,7
172054,1373641200,25.2,25.0,25.4,1010.8,,,83,4.6,90,,,,,,,20,801,2013-07-12 22:00:00,2013,7
172055,1373644800,24.85,24.0,25.4,1010.8,,,88,2.6,20,,,,,,,20,801,2013-07-12 23:00:00,2013,7
172056,1373648400,22.64,22.4,23.0,1010.8,,,88,2.1,50,,,,,,,20,801,2013-07-13 00:00:00,2013,7
172057,1373652000,22.2,22.0,22.4,1010.8,,,88,3.1,20,,,,,,,20,801,2013-07-13 01:00:00,2013,7
172058,1373655600,22.24,22.0,22.4,1010.8,,,88,3.1,40,,,,,,,20,801,2013-07-13 02:00:00,2013,7
172059,1373659200,21.4,21.4,21.4,1010.3,,,86,5.76,111,,,,,,,20,801,2013-07-13 03:00:00,2013,7
172060,1373662800,21.4,21.4,21.4,1010.3,,,86,5.85,112,,,,,,,20,801,2013-07-13 04:00:00,2013,7
172061,1373666400,21.22,21.0,21.4,1010.8,,,88,5.41,105,,,,,,,20,801,2013-07-13 05:00:00,2013,7
172062,1373670000,22.48,22.0,22.8,1010.8,,,83,5.4,109,,,,,,,20,801,2013-07-13 06:00:00,2013,7
172063,1373673600,22.9,22.8,23.0,1011.9,,,88,5.4,113,,,,,,,20,801,2013-07-13 07:00:00,2013,7
172064,1373677200,24.46,22.8,27.0,1011.9,,,65,2.6,80,,,,,,,20,801,2013-07-13 08:00:00,2013,7
172065,1373680800,27.61,27.0,28.0,1012.9,,,65,3.1,110,,,,,,,75,803,2013-07-13 09:00:00,2013,7
172066,1373684400,28.0,28.0,28.0,1011.9,,,61,4.6,130,,,,,,,40,802,2013-07-13 10:00:00,2013,7
172067,1373688000,28.0,28.0,28.0,1010.8,,,61,5.7,140,,,,,,,75,803,2013-07-13 11:00:00,2013,7
172068,1373691600,29.0,29.0,29.0,1010.8,,,58,5.1,120,,,,,,,75,803,2013-07-13 12:00:00,2013,7
172069,1373695200,29.0,29.0,29.0,1010.0,,,59,5.1,100,,,,,,,40,802,2013-07-13 13:00:00,2013,7
172070,1373698800,29.0,29.0,29.0,1009.1,,,58,4.1,120,,,,,,,40,802,2013-07-13 14:00:00,2013,7
172071,1373702400,28.15,27.6,29.0,1009.1,,,58,4.6,110,,,,,,,40,802,2013-07-13 15:00:00,2013,7
172072,1373706000,27.8,27.6,28.0,1009.0,,,62,5.1,110,,,,,,,20,801,2013-07-13 16:00:00,2013,7
172073,1373709600,27.76,27.6,28.0,1009.1,,,61,3.6,110,,,,,,,20,801,2013-07-13 17:00:00,2013,7
172074,1373713200,25.88,25.8,26.0,1010.2,,,73,4.1,110,,,,,,,20,801,2013-07-13 18:00:00,2013,7
172075,1373716800,25.9,25.8,26.0,1010.2,,,75,3.6,110,,,,,,,40,802,2013-07-13 19:00:00,2013,7
172076,1373720400,25.88,25.8,26.0,1010.8,,,78,3.1,110,,,,,,,20,801,2013-07-13 20:00:00,2013,7
172077,1373724000,25.42,25.0,25.7,1010.8,,,83,3.1,120,,,,,,,20,801,2013-07-13 21:00:00,2013,7
172078,1373727600,25.85,25.7,26.0,1011.6,,,80,3.1,130,,,,,,,40,802,2013-07-13 22:00:00,2013,7
172079,1373731200,25.82,25.7,26.0,1011.9,,,73,3.1,120,,,,,,,40,802,2013-07-13 23:00:00,2013,7
172080,1373734800,25.7,25.5,26.0,1011.9,,,73,3.6,100,,,,,,,40,802,2013-07-14 00:00:00,2013,7
172081,1373738400,25.25,25.0,25.5,1011.9,,,78,3.6,100,,,,,,,40,802,2013-07-14 01:00:00,2013,7
172082,1373742000,25.25,25.0,25.5,1011.4,,,78,3.6,100,,,,,,,20,801,2013-07-14 02:00:00,2013,7
172083,1373745600,25.5,25.0,26.0,1011.1,,,74,5.1,100,,,,,,,40,802,2013-07-14 03:00:00,2013,7
172084,1373749200,26.0,26.0,26.0,1011.1,,,74,5.1,100,,,,,,,40,802,2013-07-14 04:00:00,2013,7
172085,1373752800,26.0,26.0,26.0,1010.8,,,73,5.1,100,,,,,,,75,803,2013-07-14 05:00:00,2013,7
172086,1373756400,26.12,26.0,26.2,1011.9,,,78,4.1,100,,,,,,,40,802,2013-07-14 06:00:00,2013,7
172087,1373760000,26.1,26.0,26.2,1012.0,,,78,5.1,100,,,,,,,40,802,2013-07-14 07:00:00,2013,7
172088,1373763600,26.52,26.2,27.0,1012.9,,,74,5.1,90,,,,,,,75,803,2013-07-14 08:00:00,2013,7
172089,1373767200,27.57,26.0,28.6,1012.9,,,83,5.7,80,,,,,,,75,803,2013-07-14 09:00:00,2013,7
172090,1373770800,28.8,28.6,29.0,1012.0,,,72,6.7,90,,,,,,,40,802,2013-07-14 10:00:00,2013,7
172091,1373774400,28.76,28.6,29.0,1011.9,,,74,5.7,110,,,,,,,20,801,2013-07-14 11:00:00,2013,7
172092,1373778000,28.88,28.8,29.0,1010.8,,,74,6.7,100,,,,,,,20,801,2013-07-14 12:00:00,2013,7
172093,1373781600,28.9,28.8,29.0,1009.7,,,73,6.7,110,,,,,,,20,801,2013-07-14 13:00:00,2013,7
172094,1373785200,28.48,28.0,28.8,1009.1,,,78,5.1,100,,,,,,,40,802,2013-07-14 14:00:00,2013,7
172095,1373788800,27.88,27.8,28.0,1009.1,,,78,3.6,110,,,,,,,40,802,2013-07-14 15:00:00,2013,7
172096,1373792400,27.91,27.8,28.0,1009.1,,,77,5.7,110,,,,,,,20,801,2013-07-14 16:00:00,2013,7
172097,1373796000,27.48,27.0,27.8,1010.2,,,78,5.7,110,,,,,,,40,802,2013-07-14 17:00:00,2013,7
172098,1373799600,26.55,26.2,27.0,1010.2,,,78,5.1,110,,,,,,,40,802,2013-07-14 18:00:00,2013,7
172099,1373803200,26.1,26.0,26.2,1009.7,,,83,4.6,110,,,,,,,20,801,2013-07-14 19:00:00,2013,7
172100,1373806800,26.12,26.0,26.2,1011.9,,,83,4.1,110,,,,,,,40,802,2013-07-14 20:00:00,2013,7
172101,1373810400,26.0,26.0,26.0,1011.9,,,83,4.1,120,,,,,,,40,802,2013-07-14 21:00:00,2013,7
172102,1373814000,26.0,26.0,26.0,1011.9,,,83,5.1,100,,,,,,,20,801,2013-07-14 22:00:00,2013,7
172103,1373817600,26.0,26.0,26.0,1011.9,,,83,4.1,110,,,,,,,40,802,2013-07-14 23:00:00,2013,7
172104,1373821200,26.0,26.0,26.0,1010.8,,,83,5.1,110,,,,,,,40,802,2013-07-15 00:00:00,2013,7
172105,1373824800,26.0,26.0,26.0,1010.8,,,81,5.1,100,,,,,,,62,803,2013-07-15 01:00:00,2013,7
172106,1373828400,26.0,26.0,26.0,1010.8,,,83,3.6,140,,,,,,,20,801,2013-07-15 02:00:00,2013,7
172107,1373832000,26.0,26.0,26.0,1010.8,,,83,3.6,140,,,,,,,20,801,2013-07-15 03:00:00,2013,7
172108,1373835600,26.0,26.0,26.0,1010.0,,,89,6.2,100,,,,,,,20,801,2013-07-15 04:00:00,2013,7
172109,1373839200,26.0,26.0,26.0,1010.0,,,89,6.2,100,,,,,,,20,801,2013-07-15 05:00:00,2013,7
172110,1373842800,26.0,26.0,26.0,1011.9,,,83,3.1,130,,,,,,,40,802,2013-07-15 06:00:00,2013,7
172111,1373846400,26.0,26.0,26.0,1011.9,,,83,5.7,120,,,,,,,75,803,2013-07-15 07:00:00,2013,7
172112,1373850000,26.39,26.0,27.0,1011.9,,,78,4.6,110,,,,,,,75,803,2013-07-15 08:00:00,2013,7
172113,1373853600,27.45,27.0,27.8,1012.9,,,78,4.1,120,,,,,,,40,802,2013-07-15 09:00:00,2013,7
172114,1373857200,27.9,27.8,28.0,1011.9,,,83,4.6,120,,,,,,,40,802,2013-07-15 10:00:00,2013,7
172115,1373860800,28.27,27.8,29.0,1011.9,,,83,6.2,120,,,,,,,40,802,2013-07-15 11:00:00,2013,7
172116,1373864400,28.36,28.0,28.6,1010.8,,,88,6.2,120,,,,,,,20,801,2013-07-15 12:00:00,2013,7
172117,1373868000,28.8,28.6,29.0,1010.5,,,84,6.7,110,,,,,,,20,801,2013-07-15 13:00:00,2013,7
172118,1373871600,28.76,28.6,29.0,1010.2,,,83,6.2,120,,,,,,,20,801,2013-07-15 14:00:00,2013,7
172119,1373875200,27.06,27.0,27.1,1010.2,,,88,6.7,120,,,,,,,40,802,2013-07-15 15:00:00,2013,7
172120,1373878800,27.05,27.0,27.1,1010.2,,,88,5.1,120,,,,,,,40,802,2013-07-15 16:00:00,2013,7
172121,1373882400,27.06,27.0,27.1,1010.8,,,88,4.6,120,,,,,,,40,802,2013-07-15 17:00:00,2013,7
172122,1373886000,26.58,26.3,27.0,1010.2,,,88,5.1,120,,,,,,,40,802,2013-07-15 18:00:00,2013,7
172123,1373889600,26.15,26.0,26.3,1011.6,,,90,5.1,120,,,,,,,40,802,2013-07-15 19:00:00,2013,7
172124,1373893200,26.17,26.0,26.3,1012.9,,,94,4.6,120,,,,,,,75,803,2013-07-15 20:00:00,2013,7
172125,1373896800,25.82,25.7,26.0,1012.9,,,94,4.1,120,,,,,,,40,802,2013-07-15 21:00:00,2013,7
172126,1373900400,25.85,25.7,26.0,1012.9,,,88,3.6,120,,,,,,,40,802,2013-07-15 22:00:00,2013,7
172127,1373904000,25.42,25.0,25.7,1012.9,,,94,3.1,120,,,,,,,20,801,2013-07-15 23:00:00,2013,7
172128,1373907600,26.0,26.0,26.0,1012.9,,,88,3.6,120,,,,,,,40,802,2013-07-16 00:00:00,2013,7
172129,1373911200,26.0,26.0,26.0,1011.9,,,88,5.7,130,,,,,,,40,802,2013-07-16 01:00:00,2013,7
172130,1373914800,26.0,26.0,26.0,1011.9,,,88,4.6,110,,,,,,,40,802,2013-07-16 02:00:00,2013,7
172131,1373918400,25.76,25.6,26.0,1011.9,,,88,4.1,110,,,,,,,20,801,2013-07-16 03:00:00,2013,7
172132,1373922000,25.8,25.6,26.0,1011.9,,,88,4.1,110,,,,,,,20,801,2013-07-16 04:00:00,2013,7
172133,1373925600,25.36,25.0,25.6,1010.8,,,94,4.1,110,,,,,,,20,801,2013-07-16 05:00:00,2013,7
172134,1373929200,26.12,26.0,26.2,1012.9,,,88,3.6,100,,,,,,,40,802,2013-07-16 06:00:00,2013,7
172135,1373932800,26.1,26.0,26.2,1013.3,,,88,3.6,110,,,,,,,20,801,2013-07-16 07:00:00,2013,7
172136,1373936400,26.52,26.2,27.0,1013.9,,,88,4.6,110,,,,,,,40,802,2013-07-16 08:00:00,2013,7
172137,1373940000,28.12,28.0,28.2,1013.9,,,83,4.6,110,,,,,,,40,802,2013-07-16 09:00:00,2013,7
172138,1373943600,28.1,28.0,28.2,1013.9,,,83,5.1,110,,,,,,,40,802,2013-07-16 10:00:00,2013,7
172139,1373947200,28.52,28.2,29.0,1012.9,,,66,4.6,120,,,,,,,40,802,2013-07-16 11:00:00,2013,7
172140,1373950800,29.36,29.0,29.6,1011.9,,,70,5.1,110,,,,,,,75,803,2013-07-16 12:00:00,2013,7
172141,1373954400,29.3,29.0,29.6,1010.8,,,70,4.1,120,,,,,,,75,803,2013-07-16 13:00:00,2013,7
172142,1373958000,29.36,29.0,29.6,1010.2,,,70,5.1,110,,,,,,,40,802,2013-07-16 14:00:00,2013,7
172143,1373961600,27.76,27.6,28.0,1010.2,,,74,6.2,120,,,,,,,20,801,2013-07-16 15:00:00,2013,7
172144,1373965200,27.8,27.6,28.0,1010.2,,,69,7.2,100,,,,,,,20,801,2013-07-16 16:00:00,2013,7
172145,1373968800,27.36,27.0,27.6,1010.2,,,74,5.1,100,,,,,,,20,801,2013-07-16 17:00:00,2013,7
172146,1373972400,26.0,26.0,26.0,1010.2,,,78,4.6,120,,,,,,,20,801,2013-07-16 18:00:00,2013,7
172147,1373976000,26.0,26.0,26.0,1010.8,,,78,4.1,110,,,,,,,20,801,2013-07-16 19:00:00,2013,7
172148,1373979600,26.0,26.0,26.0,1011.9,,,83,3.1,120,,,,,,,40,802,2013-07-16 20:00:00,2013,7
172149,1373983200,25.12,25.0,25.2,1010.8,,,83,3.1,110,,,,,,,40,802,2013-07-16 21:00:00,2013,7
172150,1373986800,25.1,25.0,25.2,1012.0,,,81,3.1,120,,,,,,,20,801,2013-07-16 22:00:00,2013,7
172151,1373990400,25.12,25.0,25.2,1011.9,,,83,1.5,140,,,,,,,40,802,2013-07-16 23:00:00,2013,7
172152,1373994000,25.12,25.0,25.2,1011.9,,,83,2.1,120,,,,,,,40,802,2013-07-17 00:00:00,2013,7
172153,1373997600,25.1,25.0,25.2,1012.9,,,83,2.1,120,,,,,,,40,802,2013-07-17 01:00:00,2013,7
172154,1374001200,25.52,25.2,26.0,1011.9,,,78,3.1,120,,,,,,,75,803,2013-07-17 02:00:00,2013,7
172155,1374004800,24.52,24.2,25.0,1011.9,,,83,2.6,100,,,,,,,75,803,2013-07-17 03:00:00,2013,7
172156,1374008400,24.1,24.0,24.2,1011.2,,,86,2.6,360,,,,,,,67,803,2013-07-17 04:00:00,2013,7
172157,1374012000,23.73,23.0,24.2,1011.9,,,88,2.6,10,,,,,,,40,802,2013-07-17 05:00:00,2013,7
172158,1374015600,23.0,23.0,23.0,1011.9,,,88,4.47,100,,,,,,,20,801,2013-07-17 06:00:00,2013,7
172159,1374019200,25.0,25.0,25.0,1011.9,,,78,4.73,102,,,,,,,20,801,2013-07-17 07:00:00,2013,7
172160,1374022800,27.0,27.0,27.0,1012.9,,,74,1.5,110,,,,,,,75,803,2013-07-17 08:00:00,2013,7
172161,1374026400,27.91,27.0,28.5,1012.9,,,74,4.1,100,,,,,,,40,802,2013-07-17 09:00:00,2013,7
172162,1374030000,28.75,28.5,29.0,1012.9,,,66,5.1,110,,,,,,,40,802,2013-07-17 10:00:00,2013,7
172163,1374033600,28.7,28.5,29.0,1011.9,,,66,4.1,100,,,,,,,40,802,2013-07-17 11:00:00,2013,7
172164,1374037200,28.89,28.8,29.0,1010.8,,,66,5.1,110,,,,,,,20,801,2013-07-17 12:00:00,2013,7
172165,1374040800,28.9,28.8,29.0,1010.8,,,66,4.1,110,,,,,,,20,801,2013-07-17 13:00:00,2013,7
172166,1374044400,28.88,28.8,29.0,1010.2,,,66,4.1,100,,,,,,,20,801,2013-07-17 14:00:00,2013,7
172167,1374048000,27.76,27.6,28.0,1009.1,,,65,3.6,120,,,,,,,20,801,2013-07-17 15:00:00,2013,7
172168,1374051600,27.8,27.6,28.0,1009.1,,,65,3.6,110,,,,,,,20,801,2013-07-17 16:00:00,2013,7
172169,1374055200,27.36,27.0,27.6,1009.1,,,69,2.6,120,,,,,,,20,801,2013-07-17 17:00:00,2013,7
172170,1374058800,25.76,25.6,26.0,1009.1,,,73,3.6,120,,,,,,,20,801,2013-07-17 18:00:00,2013,7
172171,1374062400,25.8,25.6,26.0,1010.2,,,73,2.1,120,,,,,,,20,801,2013-07-17 19:00:00,2013,7
172172,1374066000,25.76,25.6,26.0,1010.8,,,78,3.1,130,,,,,,,20,801,2013-07-17 20:00:00,2013,7
172173,1374069600,25.24,25.0,25.4,1011.9,,,78,2.1,120,,,,,,,40,802,2013-07-17 21:00:00,2013,7
172174,1374073200,25.2,25.0,25.4,1011.4,,,78,2.6,130,,,,,,,40,802,2013-07-17 22:00:00,2013,7
172175,1374076800,25.24,25.0,25.4,1010.8,,,78,2.6,120,,,,,,,40,802,2013-07-17 23:00:00,2013,7
172176,1374080400,24.21,23.7,25.0,1010.8,,,83,1.0,120,,,,,,,40,802,2013-07-18 00:00:00,2013,7
172177,1374084000,23.85,23.7,24.0,1010.3,,,81,1.5,340,,,,,,,40,802,2013-07-18 01:00:00,2013,7
172178,1374087600,23.82,23.7,24.0,1010.2,,,78,5.6,106,,,,,,,40,802,2013-07-18 02:00:00,2013,7
172179,1374091200,22.55,21.6,24.0,1010.2,,,78,5.45,109,,,,,,,40,802,2013-07-18 03:00:00,2013,7
172180,1374094800,21.8,21.6,22.0,1010.3,,,86,5.18,110,,,,,,,40,802,2013-07-18 04:00:00,2013,7
172181,1374098400,21.36,21.0,21.6,1010.2,,,88,4.66,104,,,,,,,40,802,2013-07-18 05:00:00,2013,7
172182,1374102000,23.45,22.0,24.4,1010.8,,,88,4.81,111,,,,,,,40,802,2013-07-18 06:00:00,2013,7
172183,1374105600,24.2,24.0,24.4,1011.6,,,79,4.74,114,,,,,,,40,802,2013-07-18 07:00:00,2013,7
172184,1374109200,25.43,24.4,27.0,1012.9,,,69,2.6,60,,,,,,,20,801,2013-07-18 08:00:00,2013,7
172185,1374112800,28.12,28.0,28.2,1012.9,,,69,3.1,100,,,,,,,40,802,2013-07-18 09:00:00,2013,7
172186,1374116400,28.1,28.0,28.2,1012.9,,,74,4.1,100,,,,,,,40,802,2013-07-18 10:00:00,2013,7
172187,1374120000,28.12,28.0,28.2,1011.9,,,74,6.2,110,,,,,,,40,802,2013-07-18 11:00:00,2013,7
172188,1374123600,29.06,29.0,29.1,1010.8,,,70,5.1,100,,,,,,,40,802,2013-07-18 12:00:00,2013,7
172189,1374127200,29.05,29.0,29.1,1010.5,,,69,6.2,90,,,,,,,20,801,2013-07-18 13:00:00,2013,7
172190,1374130800,29.06,29.0,29.1,1010.2,,,70,5.1,110,,,,,,,40,802,2013-07-18 14:00:00,2013,7
172191,1374134400,28.15,27.6,29.0,1010.2,,,70,5.1,110,,,,,,,40,802,2013-07-18 15:00:00,2013,7
172192,1374138000,27.8,27.6,28.0,1009.1,,,72,5.1,110,,,,,,,20,801,2013-07-18 16:00:00,2013,7
172193,1374141600,27.36,27.0,27.6,1010.2,,,74,4.1,100,,,,,,,20,801,2013-07-18 17:00:00,2013,7
172194,1374145200,26.0,26.0,26.0,1010.2,,,78,4.1,100,,,,,,,40,802,2013-07-18 18:00:00,2013,7
172195,1374148800,26.0,26.0,26.0,1010.2,,,83,3.6,100,,,,,,,20,801,2013-07-18 19:00:00,2013,7
172196,1374152400,26.0,26.0,26.0,1010.8,,,83,2.1,120,,,,,,,20,801,2013-07-18 20:00:00,2013,7
172197,1374156000,25.76,25.6,26.0,1010.8,,,83,3.1,130,,,,,,,20,801,2013-07-18 21:00:00,2013,7
172198,1374159600,25.8,25.6,26.0,1010.8,,,83,2.6,130,,,,,,,20,801,2013-07-18 22:00:00,2013,7
172199,1374163200,25.76,25.6,26.0,1010.8,,,83,3.6,120,,,,,,,20,801,2013-07-18 23:00:00,2013,7
172200,1374166800,25.12,25.0,25.2,1010.8,,,88,3.1,120,,,,,,,20,801,2013-07-19 00:00:00,2013,7
172201,1374170400,25.1,25.0,25.2,1010.2,,,88,1.5,130,,,,,,,20,801,2013-07-19 01:00:00,2013,7
172202,1374174000,25.1,25.0,25.2,1010.2,,,88,1.5,130,,,,,,,20,801,2013-07-19 02:00:00,2013,7
172203,1374177600,23.2,23.0,23.4,1010.2,,,94,5.26,102,,,,,,,40,802,2013-07-19 03:00:00,2013,7
172204,1374181200,23.4,23.4,23.4,1010.0,,,90,5.32,102,,,,,,,20,801,2013-07-19 04:00:00,2013,7
172205,1374184800,23.24,23.0,23.4,1010.8,,,88,4.74,94,,,,,,,40,802,2013-07-19 05:00:00,2013,7
172206,1374188400,23.06,23.0,23.1,1010.8,,,88,4.44,93,,,,,,,20,801,2013-07-19 06:00:00,2013,7
172207,1374192000,23.05,23.0,23.1,1011.9,,,88,4.18,91,,,,,,,20,801,2013-07-19 07:00:00,2013,7
172208,1374195600,23.85,23.1,25.0,1011.9,,,83,3.79,97,,,,,,,20,801,2013-07-19 08:00:00,2013,7
172209,1374199200,27.61,27.0,28.0,1011.9,,,78,1.0,90,,,,,,,20,801,2013-07-19 09:00:00,2013,7
172210,1374202800,28.0,28.0,28.0,1011.8,,,76,1.5,120,,,,,,,20,801,2013-07-19 10:00:00,2013,7
172211,1374206400,28.39,28.0,29.0,1010.8,,,74,2.1,80,,,,,,,40,802,2013-07-19 11:00:00,2013,7
172212,1374210000,29.24,29.0,29.4,1010.8,,,70,3.1,120,,,,,,,40,802,2013-07-19 12:00:00,2013,7
172213,1374213600,29.2,29.0,29.4,1010.8,,,70,3.6,110,,,,,,,40,802,2013-07-19 13:00:00,2013,7
172214,1374217200,29.22,29.0,29.4,1010.8,,,70,3.1,140,,,,,,,40,802,2013-07-19 14:00:00,2013,7
172215,1374220800,28.64,28.4,29.0,1010.2,,,70,4.1,120,,,,,,,20,801,2013-07-19 15:00:00,2013,7
172216,1374224400,28.2,28.0,28.4,1010.2,,,74,3.6,100,,,,,,,40,802,2013-07-19 16:00:00,2013,7
172217,1374228000,27.85,27.0,28.4,1010.2,,,78,3.6,110,,,,,,,40,802,2013-07-19 17:00:00,2013,7
172218,1374231600,25.76,25.6,26.0,1010.8,,,88,2.6,130,,,,,,,40,802,2013-07-19 18:00:00,2013,7
172219,1374235200,25.8,25.6,26.0,1011.4,,,92,3.1,120,,,,,,,40,802,2013-07-19 19:00:00,2013,7
172220,1374238800,25.76,25.6,26.0,1011.9,,,88,3.1,100,,,,,,,40,802,2013-07-19 20:00:00,2013,7
172221,1374242400,26.12,26.0,26.2,1012.9,,,88,3.1,120,,,,,,,40,802,2013-07-19 21:00:00,2013,7
172222,1374246000,26.1,26.0,26.2,1012.9,,,88,2.6,110,,,,,,,40,802,2013-07-19 22:00:00,2013,7
172223,1374249600,26.12,26.0,26.2,1012.9,,,88,2.6,100,,,,,,,40,802,2013-07-19 23:00:00,2013,7
172224,1374253200,25.94,25.9,26.0,1011.9,,,88,2.6,110,,,,,,,40,802,2013-07-20 00:00:00,2013,7
172225,1374256800,25.95,25.9,26.0,1011.8,,,92,1.34,103,,,,,,,20,801,2013-07-20 01:00:00,2013,7
172226,1374260400,25.54,25.0,25.9,1012.9,,,94,1.4,118,,,,,,,75,803,2013-07-20 02:00:00,2013,7
172227,1374264000,24.88,24.8,25.0,1012.9,,,94,1.65,133,,,,,,,75,500,2013-07-20 03:00:00,2013,7
172228,1374267600,24.9,24.8,25.0,1012.9,,,94,1.77,141,,,,,,,75,500,2013-07-20 04:00:00,2013,7
172229,1374271200,24.88,24.8,25.0,1012.9,,,94,1.31,138,,,,,,,75,500,2013-07-20 05:00:00,2013,7
172230,1374274800,24.52,24.2,25.0,1013.9,,,94,2.1,360,,4.0,,,6.1,,75,501,2013-07-20 06:00:00,2013,7
172231,1374278400,24.1,24.0,24.2,1013.1,,,93,1.98,120,,4.0,,,6.1,,75,501,2013-07-20 07:00:00,2013,7
172232,1374282000,24.91,24.2,26.0,1013.9,,,88,1.5,130,,4.0,,,6.1,,75,501,2013-07-20 08:00:00,2013,7
172233,1374285600,26.97,26.0,27.6,1013.9,,,88,3.1,110,,0.4,,,,,75,500,2013-07-20 09:00:00,2013,7
172234,1374289200,27.8,27.6,28.0,1013.7,,,79,4.1,110,,0.4,,,,,40,500,2013-07-20 10:00:00,2013,7
172235,1374292800,27.76,27.6,28.0,1013.9,,,78,4.1,110,,0.4,,,,,75,500,2013-07-20 11:00:00,2013,7
172236,1374296400,28.0,28.0,28.0,1012.9,,,74,4.1,110,,,0.5,,,,75,803,2013-07-20 12:00:00,2013,7
172237,1374300000,28.0,28.0,28.0,1012.9,,,74,4.1,120,,,0.5,,,,75,803,2013-07-20 13:00:00,2013,7
172238,1374303600,28.0,28.0,28.0,1011.9,,,78,5.1,120,,,0.5,,,,75,803,2013-07-20 14:00:00,2013,7
172239,1374307200,28.03,27.4,29.0,1011.9,,,74,4.6,120,,,,,,,20,801,2013-07-20 15:00:00,2013,7
172240,1374310800,27.2,27.0,27.4,1011.9,,,83,4.1,120,,,,,,,40,802,2013-07-20 16:00:00,2013,7
172241,1374314400,27.24,27.0,27.4,1011.9,,,83,4.1,120,,,,,,,75,803,2013-07-20 17:00:00,2013,7
172242,1374318000,26.64,26.4,27.0,1012.9,,,83,2.6,130,,,,,,,75,803,2013-07-20 18:00:00,2013,7
172243,1374321600,26.2,26.0,26.4,1013.2,,,83,2.1,120,,,,,,,20,801,2013-07-20 19:00:00,2013,7
172244,1374325200,26.24,26.0,26.4,1013.9,,,88,2.1,110,,,,,,,20,801,2013-07-20 20:00:00,2013,7
172245,1374328800,25.88,25.8,26.0,1013.9,,,88,2.6,110,,,,,,,20,801,2013-07-20 21:00:00,2013,7
172246,1374332400,25.9,25.8,26.0,1013.9,,,88,1.5,160,,,,,,,40,802,2013-07-20 22:00:00,2013,7
172247,1374336000,25.88,25.8,26.0,1013.9,,,88,2.6,100,,,,,,,40,802,2013-07-20 23:00:00,2013,7
172248,1374339600,25.82,25.7,26.0,1014.9,,,88,2.6,100,,,,,,,40,802,2013-07-21 00:00:00,2013,7
172249,1374343200,25.85,25.7,26.0,1013.6,,,87,3.6,100,,,,,,,20,801,2013-07-21 01:00:00,2013,7
172250,1374346800,25.82,25.7,26.0,1012.9,,,83,3.6,90,,,,,,,20,801,2013-07-21 02:00:00,2013,7
172251,1374350400,25.94,25.9,26.0,1012.9,,,83,2.6,100,,,,,,,20,801,2013-07-21 03:00:00,2013,7
172252,1374354000,25.95,25.9,26.0,1011.9,,,83,4.1,110,,,,,,,75,803,2013-07-21 04:00:00,2013,7
172253,1374357600,25.94,25.9,26.0,1013.9,,,83,4.1,110,,,,,,,40,802,2013-07-21 05:00:00,2013,7
172254,1374361200,26.42,26.0,26.7,1012.9,,,83,4.1,110,,,,,0.5,,75,803,2013-07-21 06:00:00,2013,7
172255,1374364800,26.35,26.0,26.7,1013.2,,,82,3.6,100,,,,,0.5,,40,500,2013-07-21 07:00:00,2013,7
172256,1374368400,26.39,26.0,26.7,1013.9,,,83,2.1,110,,,,,0.5,,75,500,2013-07-21 08:00:00,2013,7
172257,1374372000,27.15,26.0,27.9,1013.9,,,88,4.1,100,,0.6,,,,,75,500,2013-07-21 09:00:00,2013,7
172258,1374375600,27.95,27.9,28.0,1014.0,,,79,4.6,110,,0.6,,,,,40,500,2013-07-21 10:00:00,2013,7
172259,1374379200,28.33,27.9,29.0,1013.9,,,74,4.1,110,,0.6,,,,,75,500,2013-07-21 11:00:00,2013,7
172260,1374382800,28.82,28.7,29.0,1012.9,,,74,3.1,120,,,0.5,,,,40,802,2013-07-21 12:00:00,2013,7
172261,1374386400,28.85,28.7,29.0,1011.8,,,73,5.1,130,,,0.5,,,,40,802,2013-07-21 13:00:00,2013,7
172262,1374390000,28.42,28.0,28.7,1010.8,,,78,6.2,130,,,0.5,,,,75,803,2013-07-21 14:00:00,2013,7
172263,1374393600,27.24,27.0,27.4,1010.8,,,83,4.6,130,,,,,,,40,802,2013-07-21 15:00:00,2013,7
172264,1374397200,27.2,27.0,27.4,1010.4,,,79,4.1,140,,,,,,,40,802,2013-07-21 16:00:00,2013,7
172265,1374400800,27.24,27.0,27.4,1010.8,,,83,4.1,140,,,,,,,40,802,2013-07-21 17:00:00,2013,7
172266,1374404400,26.24,26.0,26.4,1010.8,,,83,2.6,140,,,,,,,20,801,2013-07-21 18:00:00,2013,7
172267,1374408000,26.2,26.0,26.4,1011.4,,,84,3.1,140,,,,,,,40,802,2013-07-21 19:00:00,2013,7
172268,1374411600,26.24,26.0,26.4,1012.9,,,83,3.6,140,,,,,,,40,802,2013-07-21 20:00:00,2013,7
172269,1374415200,26.76,26.6,27.0,1012.9,,,78,5.1,120,,,,,,,40,802,2013-07-21 21:00:00,2013,7
172270,1374418800,26.8,26.6,27.0,1012.9,,,83,4.6,130,,,,,,,75,803,2013-07-21 22:00:00,2013,7
172271,1374422400,26.36,26.0,26.6,1012.9,,,88,5.1,120,,,,,,,40,802,2013-07-21 23:00:00,2013,7
172272,1374426000,26.18,26.0,26.3,1012.9,,,88,5.1,130,,,,,,,40,802,2013-07-22 00:00:00,2013,7
172273,1374429600,26.15,26.0,26.3,1012.0,,,87,2.6,130,,,,,,,40,802,2013-07-22 01:00:00,2013,7
172274,1374433200,26.18,26.0,26.3,1011.9,,,88,3.6,150,,,,,,,40,802,2013-07-22 02:00:00,2013,7
172275,1374436800,25.94,25.9,26.0,1011.9,,,88,3.1,140,,,,,,,75,803,2013-07-22 03:00:00,2013,7
172276,1374440400,25.95,25.9,26.0,1010.8,,,88,3.6,150,,,,,,,75,803,2013-07-22 04:00:00,2013,7
172277,1374444000,25.94,25.9,26.0,1010.8,,,88,2.1,150,,,,,,,75,803,2013-07-22 05:00:00,2013,7
172278,1374447600,26.42,26.0,26.7,1010.8,,,88,2.1,150,,,,,0.5,,40,802,2013-07-22 06:00:00,2013,7
172279,1374451200,26.85,26.7,27.0,1011.9,,,83,3.6,140,,,,,0.5,,40,802,2013-07-22 07:00:00,2013,7
172280,1374454800,26.82,26.7,27.0,1011.9,,,83,5.1,130,,,,,0.5,,40,802,2013-07-22 08:00:00,2013,7
172281,1374458400,28.0,28.0,28.0,1011.9,,,78,5.7,140,,,,,,,75,803,2013-07-22 09:00:00,2013,7
172282,1374462000,28.0,28.0,28.0,1011.9,,,78,5.7,140,,,,,,,75,803,2013-07-22 10:00:00,2013,7
172283,1374465600,28.39,28.0,29.0,1010.8,,,74,5.1,150,,,,,,,75,803,2013-07-22 11:00:00,2013,7
172284,1374469200,28.66,28.4,29.0,1010.8,,,74,5.7,150,,,,,,,75,803,2013-07-22 12:00:00,2013,7
172285,1374472800,28.2,28.0,28.4,1010.0,,,78,6.2,140,,,,,,,40,802,2013-07-22 13:00:00,2013,7
172286,1374476400,27.85,27.0,28.4,1010.2,,,88,4.1,140,,,,,,,75,803,2013-07-22 14:00:00,2013,7
172287,1374480000,25.88,25.8,26.0,1010.2,,,88,4.6,110,,0.6,,,,,75,500,2013-07-22 15:00:00,2013,7
172288,1374483600,25.9,25.8,26.0,1009.1,,,88,3.1,110,,0.6,,,,,75,500,2013-07-22 16:00:00,2013,7
172289,1374487200,25.88,25.8,26.0,1009.1,,,88,3.1,130,,0.6,,,,,75,500,2013-07-22 17:00:00,2013,7
172290,1374490800,25.76,25.6,26.0,1010.2,,,88,2.6,130,,,0.5,,,,75,803,2013-07-22 18:00:00,2013,7
172291,1374494400,25.8,25.6,26.0,1010.2,,,88,2.6,130,,,0.5,,,,75,803,2013-07-22 19:00:00,2013,7
172292,1374498000,25.36,25.0,25.6,1010.8,,,94,3.6,130,,,0.5,,,,75,803,2013-07-22 20:00:00,2013,7
172293,1374501600,25.94,25.9,26.0,1010.8,,,88,2.1,120,,,,,,,75,803,2013-07-22 21:00:00,2013,7
172294,1374505200,25.95,25.9,26.0,1010.8,,,88,2.6,150,,,,,,,75,803,2013-07-22 22:00:00,2013,7
172295,1374508800,25.94,25.9,26.0,1010.8,,,88,4.1,150,,,,,,,75,803,2013-07-22 23:00:00,2013,7
172296,1374512400,25.12,25.0,25.2,1010.8,,,94,3.1,50,,2.0,2.0,,,,40,500,2013-07-23 00:00:00,2013,7
172297,1374516000,25.1,25.0,25.2,1010.8,,,94,4.6,130,,2.0,2.0,,,,75,501,2013-07-23 01:00:00,2013,7
172298,1374519600,25.1,25.0,25.2,1010.4,,,94,4.6,130,,2.0,2.0,,,,40,500,2013-07-23 02:00:00,2013,7
172299,1374523200,25.1,25.0,25.2,1009.1,,,87,1.5,150,,0.1,,,,,40,500,2013-07-23 03:00:00,2013,7
172300,1374526800,25.2,25.2,25.2,1009.1,,,87,1.5,150,,0.1,,,,,40,500,2013-07-23 04:00:00,2013,7
172301,1374530400,25.12,25.0,25.2,1010.2,,,88,2.1,140,,0.1,,,,,75,500,2013-07-23 05:00:00,2013,7
172302,1374534000,25.0,25.0,25.0,1010.2,,,94,4.1,170,,0.6,,,3.0,,75,500,2013-07-23 06:00:00,2013,7
172303,1374537600,25.0,25.0,25.0,1010.8,,,94,3.6,120,,0.6,,,3.0,,75,500,2013-07-23 07:00:00,2013,7
172304,1374541200,25.0,25.0,25.0,1011.9,,,94,3.1,120,,0.6,,,3.0,,75,500,2013-07-23 08:00:00,2013,7
172305,1374544800,26.0,26.0,26.0,1012.9,,,88,2.6,100,,,,,,,75,803,2013-07-23 09:00:00,2013,7
172306,1374548400,26.0,26.0,26.0,1012.9,,,94,2.1,100,,,,,,,75,803,2013-07-23 10:00:00,2013,7
172307,1374552000,28.0,28.0,28.0,1011.9,,,83,2.6,110,,,,,,,75,803,2013-07-23 11:00:00,2013,7
172308,1374555600,28.48,28.0,28.8,1010.8,,,83,3.1,110,,,3.0,,,,40,802,2013-07-23 12:00:00,2013,7
172309,1374559200,28.9,28.8,29.0,1011.1,,,75,4.1,90,,,3.0,,,,40,802,2013-07-23 13:00:00,2013,7
172310,1374562800,28.88,28.8,29.0,1009.1,,,74,3.1,130,,,3.0,,,,40,802,2013-07-23 14:00:00,2013,7
172311,1374566400,28.39,28.0,29.0,1009.1,,,74,3.1,120,,,,,,,40,802,2013-07-23 15:00:00,2013,7
172312,1374570000,28.0,28.0,28.0,1009.1,,,78,2.6,120,,,,,,,40,802,2013-07-23 16:00:00,2013,7
172313,1374573600,27.61,27.0,28.0,1010.2,,,83,2.1,140,,,,,,,75,803,2013-07-23 17:00:00,2013,7
172314,1374577200,26.06,26.0,26.1,1010.2,,,94,2.1,120,,,,,,,40,802,2013-07-23 18:00:00,2013,7
172315,1374580800,26.05,26.0,26.1,1010.8,,,88,2.1,120,,,,,,,20,801,2013-07-23 19:00:00,2013,7
172316,1374584400,26.06,26.0,26.1,1010.8,,,94,3.1,130,,,,,,,20,801,2013-07-23 20:00:00,2013,7
172317,1374588000,26.0,26.0,26.0,1011.9,,,88,1.5,140,,,,,,,20,801,2013-07-23 21:00:00,2013,7
172318,1374591600,26.0,26.0,26.0,1011.5,,,92,3.1,120,,,,,,,20,801,2013-07-23 22:00:00,2013,7
172319,1374595200,26.0,26.0,26.0,1011.9,,,94,2.6,120,,,,,,,40,802,2013-07-23 23:00:00,2013,7
172320,1374598800,26.12,26.0,26.2,1011.9,,,94,3.1,120,,,,,,,40,802,2013-07-24 00:00:00,2013,7
172321,1374602400,26.1,26.0,26.2,1011.9,,,94,2.6,120,,,,,,,75,803,2013-07-24 01:00:00,2013,7
172322,1374606000,26.1,26.0,26.2,1011.9,,,94,2.6,120,,,,,,,75,803,2013-07-24 02:00:00,2013,7
172323,1374609600,25.9,25.8,26.0,1011.9,,,88,1.5,130,,,,,,,75,803,2013-07-24 03:00:00,2013,7
172324,1374613200,25.8,25.8,25.8,1010.6,,,92,1.5,130,,,,,,,40,802,2013-07-24 04:00:00,2013,7
172325,1374616800,25.88,25.8,26.0,1011.9,,,88,2.6,110,,,,,,,40,802,2013-07-24 05:00:00,2013,7
172326,1374620400,26.18,26.0,26.3,1011.9,,,88,1.5,110,,,,,3.0,,75,803,2013-07-24 06:00:00,2013,7
172327,1374624000,26.15,26.0,26.3,1012.9,,,88,3.6,110,,,,,3.0,,75,803,2013-07-24 07:00:00,2013,7
172328,1374627600,26.58,26.3,27.0,1012.9,,,83,3.6,70,,,,,3.0,,75,803,2013-07-24 08:00:00,2013,7
172329,1374631200,28.61,28.0,29.0,1012.9,,,83,4.1,100,,,,,,,40,802,2013-07-24 09:00:00,2013,7
172330,1374634800,28.5,28.0,29.0,1012.9,,,83,4.1,90,,,,,,,40,802,2013-07-24 10:00:00,2013,7
172331,1374638400,29.0,29.0,29.0,1011.9,,,79,4.6,100,,,,,,,40,802,2013-07-24 11:00:00,2013,7
172332,1374642000,29.0,29.0,29.0,1010.8,,,74,4.6,110,,,,,,,40,802,2013-07-24 12:00:00,2013,7
172333,1374645600,29.0,29.0,29.0,1010.6,,,73,5.1,110,,,,,,,20,801,2013-07-24 13:00:00,2013,7
172334,1374649200,29.0,29.0,29.0,1010.8,,,74,6.2,100,,,,,,,20,801,2013-07-24 14:00:00,2013,7
172335,1374652800,28.33,27.9,29.0,1010.2,,,74,6.2,110,,,,,,,20,801,2013-07-24 15:00:00,2013,7
172336,1374656400,27.95,27.9,28.0,1009.8,,,80,6.2,110,,,,,,,20,801,2013-07-24 16:00:00,2013,7
172337,1374660000,27.54,27.0,27.9,1010.2,,,83,4.1,100,,,,,,,40,802,2013-07-24 17:00:00,2013,7
172338,1374663600,26.06,26.0,26.1,1010.8,,,94,2.6,120,,,,,,,20,801,2013-07-24 18:00:00,2013,7
172339,1374667200,26.05,26.0,26.1,1011.8,,,89,3.6,110,,,,,,,20,801,2013-07-24 19:00:00,2013,7
172340,1374670800,26.06,26.0,26.1,1011.9,,,88,2.6,120,,,,,,,20,801,2013-07-24 20:00:00,2013,7
172341,1374674400,26.12,26.0,26.2,1012.9,,,88,4.1,100,,,,,,,20,801,2013-07-24 21:00:00,2013,7
172342,1374678000,26.1,26.0,26.2,1012.9,,,88,4.6,100,,,,,,,20,801,2013-07-24 22:00:00,2013,7
172343,1374681600,26.12,26.0,26.2,1011.9,,,88,4.1,100,,,,,,,20,801,2013-07-24 23:00:00,2013,7
172344,1374685200,25.88,25.8,26.0,1011.9,,,88,3.1,120,,,,,,,20,801,2013-07-25 00:00:00,2013,7
172345,1374688800,25.9,25.8,26.0,1011.9,,,88,4.1,110,,,,,,,20,801,2013-07-25 01:00:00,2013,7
172346,1374692400,25.8,25.8,25.8,1011.7,,,88,4.1,110,,,,,,,20,801,2013-07-25 02:00:00,2013,7
172347,1374696000,25.6,25.6,25.6,1011.6,,,86,3.6,110,,,,,,,20,801,2013-07-25 03:00:00,2013,7
172348,1374699600,25.8,25.6,26.0,1011.9,,,83,3.6,110,,,,,,,20,801,2013-07-25 04:00:00,2013,7
172349,1374703200,25.36,25.0,25.6,1011.9,,,88,2.6,120,,,,,,,20,801,2013-07-25 05:00:00,2013,7
172350,1374706800,26.0,26.0,26.0,1012.9,,,83,3.6,110,,,,,,,40,802,2013-07-25 06:00:00,2013,7
172351,1374710400,26.0,26.0,26.0,1012.9,,,83,3.6,110,,,,,,,75,803,2013-07-25 07:00:00,2013,7
172352,1374714000,26.79,26.0,28.0,1013.9,,,74,5.1,120,,,,,,,40,802,2013-07-25 08:00:00,2013,7
172353,1374717600,28.0,28.0,28.0,1013.9,,,74,6.2,110,,,,,,,75,803,2013-07-25 09:00:00,2013,7
172354,1374721200,28.0,28.0,28.0,1012.9,,,74,6.2,100,,,,,,,75,803,2013-07-25 10:00:00,2013,7
172355,1374724800,28.39,28.0,29.0,1012.9,,,70,5.1,110,,,,,,,40,802,2013-07-25 11:00:00,2013,7
172356,1374728400,29.12,29.0,29.2,1011.9,,,70,5.1,90,,,,,,,40,802,2013-07-25 12:00:00,2013,7
172357,1374732000,29.1,29.0,29.2,1011.6,,,71,5.1,110,,,,,,,20,801,2013-07-25 13:00:00,2013,7
172358,1374735600,29.12,29.0,29.2,1010.8,,,70,4.1,120,,,,,,,20,801,2013-07-25 14:00:00,2013,7
172359,1374739200,27.88,27.8,28.0,1010.8,,,74,4.1,120,,,,,,,20,801,2013-07-25 15:00:00,2013,7
172360,1374742800,27.9,27.8,28.0,1010.8,,,77,4.1,120,,,,,,,20,801,2013-07-25 16:00:00,2013,7
172361,1374746400,27.48,27.0,27.8,1010.8,,,83,4.1,130,,,,,,,40,802,2013-07-25 17:00:00,2013,7
172362,1374750000,26.0,26.0,26.0,1011.9,,,88,3.1,130,,,,,,,40,802,2013-07-25 18:00:00,2013,7
172363,1374753600,26.0,26.0,26.0,1012.4,,,87,3.6,110,,,,,,,20,801,2013-07-25 19:00:00,2013,7
172364,1374757200,26.0,26.0,26.0,1012.9,,,88,2.6,110,,,,,,,40,802,2013-07-25 20:00:00,2013,7
172365,1374760800,26.0,26.0,26.0,1013.9,,,88,4.6,120,,,,,,,75,803,2013-07-25 21:00:00,2013,7
172366,1374764400,26.0,26.0,26.0,1013.6,,,85,5.1,110,,,,,,,20,801,2013-07-25 22:00:00,2013,7
172367,1374768000,26.0,26.0,26.0,1013.9,,,83,4.1,100,,,,,,,75,803,2013-07-25 23:00:00,2013,7
172368,1374771600,26.0,26.0,26.0,1013.9,,,83,4.1,90,,,,,,,40,802,2013-07-26 00:00:00,2013,7
172369,1374775200,25.0,25.0,25.0,1012.9,,,88,3.1,100,,,,,,,20,801,2013-07-26 01:00:00,2013,7
172370,1374778800,25.0,25.0,25.0,1013.9,,,88,3.6,90,,,,,,,20,801,2013-07-26 02:00:00,2013,7
172371,1374782400,25.24,25.0,25.4,1012.9,,,88,3.1,100,,,,,,,20,801,2013-07-26 03:00:00,2013,7
172372,1374786000,25.2,25.0,25.4,1012.9,,,88,3.1,120,,,,,,,20,801,2013-07-26 04:00:00,2013,7
172373,1374789600,25.24,25.0,25.4,1012.9,,,88,3.1,100,,,,,,,20,801,2013-07-26 05:00:00,2013,7
172374,1374793200,25.24,25.0,25.4,1012.9,,,88,4.6,90,,,,,,,20,801,2013-07-26 06:00:00,2013,7
172375,1374796800,25.2,25.0,25.4,1013.9,,,88,3.6,100,,,,,,,40,802,2013-07-26 07:00:00,2013,7
172376,1374800400,25.66,25.4,26.0,1013.9,,,83,4.1,110,,,,,,,75,803,2013-07-26 08:00:00,2013,7
172377,1374804000,27.02,26.0,28.4,1013.1,,,76,6.2,120,,,,,,,20,801,2013-07-26 09:00:00,2013,7
172378,1374807600,28.4,28.4,28.4,1013.1,,,76,6.2,120,,,,,,,20,801,2013-07-26 10:00:00,2013,7
172379,1374811200,28.4,28.4,28.4,1013.1,,,76,6.2,120,,,,,,,20,801,2013-07-26 11:00:00,2013,7
172380,1374814800,28.6,28.6,28.6,1011.0,,,73,6.2,110,,,,,,,5,800,2013-07-26 12:00:00,2013,7
172381,1374818400,28.6,28.6,28.6,1011.0,,,73,6.2,110,,,,,,,4,800,2013-07-26 13:00:00,2013,7
172382,1374822000,28.6,28.6,28.6,1011.0,,,73,6.2,110,,,,,,,5,800,2013-07-26 14:00:00,2013,7
172383,1374825600,27.5,27.5,27.5,1010.1,,,76,5.1,110,,,,,,,20,801,2013-07-26 15:00:00,2013,7
172384,1374829200,27.5,27.5,27.5,1010.1,,,76,5.1,110,,,,,,,20,801,2013-07-26 16:00:00,2013,7
172385,1374832800,27.5,27.5,27.5,1010.1,,,76,5.1,110,,,,,,,20,801,2013-07-26 17:00:00,2013,7
172386,1374836400,25.69,25.69,25.69,1011.0,,,88,6.47,119,,,,,,,13,801,2013-07-26 18:00:00,2013,7
172387,1374840000,26.0,26.0,26.0,1012.9,,,88,3.1,110,,,,,,,20,801,2013-07-26 19:00:00,2013,7
172388,1374843600,25.74,25.74,25.74,1013.0,,,88,5.83,109,,,,,,,20,801,2013-07-26 20:00:00,2013,7
172389,1374847200,26.0,26.0,26.0,1013.9,,,88,4.1,110,,,,,,,20,801,2013-07-26 21:00:00,2013,7
172390,1374850800,26.0,26.0,26.0,1013.9,,,83,4.1,120,,,,,,,20,801,2013-07-26 22:00:00,2013,7
172391,1374854400,26.0,26.0,26.0,1013.9,,,83,4.1,110,,,,,,,20,801,2013-07-26 23:00:00,2013,7
172392,1374858000,25.88,25.8,26.0,1013.9,,,83,4.6,110,,,,,,,20,801,2013-07-27 00:00:00,2013,7
172393,1374861600,25.9,25.8,26.0,1012.9,,,83,3.6,110,,,,,,,40,802,2013-07-27 01:00:00,2013,7
172394,1374865200,25.48,25.0,25.8,1012.9,,,88,4.6,110,,,,,,,40,802,2013-07-27 02:00:00,2013,7
172395,1374868800,25.36,25.0,25.6,1012.9,,,88,4.1,100,,,,,,,40,802,2013-07-27 03:00:00,2013,7
172396,1374872400,25.8,25.6,26.0,1012.9,,,83,4.1,110,,,,,,,40,802,2013-07-27 04:00:00,2013,7
172397,1374876000,25.36,25.0,25.6,1012.9,,,88,4.1,110,,,,,,,20,801,2013-07-27 05:00:00,2013,7
172398,1374879600,26.12,26.0,26.2,1013.9,,,83,4.1,110,,,,,,,40,802,2013-07-27 06:00:00,2013,7
172399,1374883200,26.1,26.0,26.2,1014.3,,,85,4.1,120,,,,,,,20,801,2013-07-27 07:00:00,2013,7
172400,1374886800,26.52,26.2,27.0,1014.9,,,83,5.1,120,,,,,,,20,801,2013-07-27 08:00:00,2013,7
172401,1374890400,28.42,28.0,28.7,1014.9,,,83,4.1,100,,,,,,,40,802,2013-07-27 09:00:00,2013,7
172402,1374894000,28.85,28.7,29.0,1014.5,,,85,3.6,110,,,,,,,40,802,2013-07-27 10:00:00,2013,7
172403,1374897600,28.82,28.7,29.0,1013.9,,,79,4.1,100,,,,,,,40,802,2013-07-27 11:00:00,2013,7
172404,1374901200,28.64,28.4,29.0,1013.9,,,74,4.1,120,,,,,,,20,801,2013-07-27 12:00:00,2013,7
172405,1374904800,28.2,28.0,28.4,1012.9,,,79,5.1,110,,,,,,,40,802,2013-07-27 13:00:00,2013,7
172406,1374908400,28.64,28.4,29.0,1012.9,,,79,3.1,120,,,,,,,40,802,2013-07-27 14:00:00,2013,7
172407,1374912000,28.21,27.7,29.0,1012.9,,,79,3.6,120,,,,,,,40,802,2013-07-27 15:00:00,2013,7
172408,1374915600,27.85,27.7,28.0,1012.5,,,81,3.1,120,,,,,,,40,802,2013-07-27 16:00:00,2013,7
172409,1374919200,27.42,27.0,27.7,1012.9,,,88,3.1,130,,,,,,,40,802,2013-07-27 17:00:00,2013,7
172410,1374922800,25.82,25.7,26.0,1013.9,,,88,1.0,130,,,,,,,40,802,2013-07-27 18:00:00,2013,7
172411,1374926400,25.85,25.7,26.0,1013.9,,,88,1.0,130,,,,,,,20,801,2013-07-27 19:00:00,2013,7
172412,1374930000,25.82,25.7,26.0,1013.9,,,88,1.5,100,,,,,,,75,803,2013-07-27 20:00:00,2013,7
172413,1374933600,25.39,25.0,26.0,1014.9,,,88,1.5,110,,,,,,,40,802,2013-07-27 21:00:00,2013,7
172414,1374937200,25.0,25.0,25.0,1014.3,,,94,2.94,126,,,,,,,20,801,2013-07-27 22:00:00,2013,7
172415,1374940800,24.61,24.0,25.0,1013.9,,,100,3.16,126,,,,,,,40,802,2013-07-27 23:00:00,2013,7
172416,1374944400,23.76,23.6,24.0,1013.9,,,100,3.49,128,,,,,,,40,802,2013-07-28 00:00:00,2013,7
172417,1374948000,23.84,23.6,24.0,1014.0,,,98,4.17,127,,,,,,,40,802,2013-07-28 01:00:00,2013,7
172418,1374951600,23.76,23.6,24.0,1013.9,,,94,1.5,240,,,,,,,40,802,2013-07-28 02:00:00,2013,7
172419,1374955200,24.6,24.6,24.6,1014.0,,,93,4.4,111,,,,,,,20,801,2013-07-28 03:00:00,2013,7
172420,1374958800,24.6,24.6,24.6,1014.0,,,93,4.67,108,,,,,,,20,801,2013-07-28 04:00:00,2013,7
172421,1374962400,24.76,24.6,25.0,1013.9,,,88,4.44,99,,,,,,,40,802,2013-07-28 05:00:00,2013,7
172422,1374966000,26.21,25.0,27.0,1013.9,,,88,4.44,101,,,,,,,40,802,2013-07-28 06:00:00,2013,7
172423,1374969600,27.0,27.0,27.0,1014.5,,,77,5.1,130,,,,,,,40,802,2013-07-28 07:00:00,2013,7
172424,1374973200,27.39,27.0,28.0,1014.9,,,78,4.6,130,,,,,,,75,803,2013-07-28 08:00:00,2013,7
172425,1374976800,28.48,28.0,28.8,1014.9,,,74,4.1,130,,,,,,,75,803,2013-07-28 09:00:00,2013,7
172426,1374980400,28.9,28.8,29.0,1014.1,,,68,5.7,120,,,,,,,20,801,2013-07-28 10:00:00,2013,7
172427,1374984000,28.88,28.8,29.0,1014.9,,,70,5.1,110,,,,,,,40,802,2013-07-28 11:00:00,2013,7
172428,1374987600,29.24,29.0,29.4,1013.9,,,70,5.1,120,,,,,,,40,802,2013-07-28 12:00:00,2013,7
172429,1374991200,29.2,29.0,29.4,1012.4,,,69,4.6,120,,,,,,,20,801,2013-07-28 13:00:00,2013,7
172430,1374994800,29.24,29.0,29.4,1011.9,,,70,5.1,110,,,,,,,20,801,2013-07-28 14:00:00,2013,7
172431,1374998400,28.58,28.3,29.0,1010.8,,,70,5.7,110,,,,,,,20,801,2013-07-28 15:00:00,2013,7
172432,1375002000,28.15,28.0,28.3,1011.9,,,74,5.1,120,,,,,,,20,801,2013-07-28 16:00:00,2013,7
172433,1375005600,27.79,27.0,28.3,1011.9,,,78,4.1,130,,,,,,,20,801,2013-07-28 17:00:00,2013,7
172434,1375009200,27.0,27.0,27.0,1011.9,,,78,4.1,120,,,,,,,20,801,2013-07-28 18:00:00,2013,7
172435,1375012800,26.0,26.0,26.0,1011.9,,,83,4.1,130,,,,,,,20,801,2013-07-28 19:00:00,2013,7
172436,1375016400,26.0,26.0,26.0,1012.9,,,83,3.1,150,,,,,,,20,801,2013-07-28 20:00:00,2013,7
172437,1375020000,25.52,25.2,26.0,1012.9,,,83,2.1,140,,,,,,,20,801,2013-07-28 21:00:00,2013,7
172438,1375023600,25.1,25.0,25.2,1013.3,,,89,1.5,130,0.17,,,,,,40,500,2013-07-28 22:00:00,2013,7
172439,1375027200,25.12,25.0,25.2,1013.9,,,88,3.85,128,,,,,,,20,801,2013-07-28 23:00:00,2013,7
172440,1375030800,25.12,25.0,25.2,1013.9,,,88,4.13,129,,,,,,,20,801,2013-07-29 00:00:00,2013,7
172441,1375034400,25.1,25.0,25.2,1013.3,,,87,2.1,150,0.26,,,,,,63,500,2013-07-29 01:00:00,2013,7
172442,1375038000,25.12,25.0,25.2,1013.9,,,83,2.6,120,,,,,,,20,801,2013-07-29 02:00:00,2013,7
172443,1375041600,25.0,25.0,25.0,1013.9,,,83,2.6,120,,,,,,,20,801,2013-07-29 03:00:00,2013,7
172444,1375045200,25.0,25.0,25.0,1013.2,,,85,3.6,130,0.16,,,,,,76,500,2013-07-29 04:00:00,2013,7
172445,1375048800,25.0,25.0,25.0,1013.9,,,83,2.6,130,,,,,,,20,801,2013-07-29 05:00:00,2013,7
172446,1375052400,25.61,25.0,26.0,1013.9,,,83,3.1,120,,,,,,,20,801,2013-07-29 06:00:00,2013,7
172447,1375056000,26.0,26.0,26.0,1014.3,,,80,3.6,120,,,,,,,20,801,2013-07-29 07:00:00,2013,7
172448,1375059600,26.39,26.0,27.0,1015.9,,,74,4.1,100,,,,,,,40,802,2013-07-29 08:00:00,2013,7
172449,1375063200,28.36,28.0,28.6,1015.9,,,74,5.1,120,,,,,,,40,802,2013-07-29 09:00:00,2013,7
172450,1375066800,28.8,28.6,29.0,1015.4,,,80,3.6,120,,,,,,,20,801,2013-07-29 10:00:00,2013,7
172451,1375070400,28.76,28.6,29.0,1014.9,,,79,4.1,100,,,,,,,40,802,2013-07-29 11:00:00,2013,7
172452,1375074000,29.0,29.0,29.0,1012.9,,,79,2.6,120,,,,,,,40,802,2013-07-29 12:00:00,2013,7
172453,1375077600,29.0,29.0,29.0,1012.8,,,78,6.2,120,,,,,,,40,802,2013-07-29 13:00:00,2013,7
172454,1375081200,29.0,29.0,29.0,1011.9,,,79,4.6,110,,,,,,,40,802,2013-07-29 14:00:00,2013,7
172455,1375084800,28.0,28.0,28.0,1011.9,,,83,4.1,110,,,,,,,40,802,2013-07-29 15:00:00,2013,7
172456,1375088400,28.0,28.0,28.0,1011.9,,,78,4.6,120,,,,,,,40,802,2013-07-29 16:00:00,2013,7
172457,1375092000,27.61,27.0,28.0,1012.9,,,83,4.1,110,,,,,,,20,801,2013-07-29 17:00:00,2013,7
172458,1375095600,26.0,26.0,26.0,1012.9,,,88,3.1,120,,,,,,,20,801,2013-07-29 18:00:00,2013,7
172459,1375099200,26.0,26.0,26.0,1013.1,,,88,2.6,110,,,,,,,20,801,2013-07-29 19:00:00,2013,7
172460,1375102800,26.0,26.0,26.0,1013.9,,,88,3.1,120,,,,,,,40,802,2013-07-29 20:00:00,2013,7
172461,1375106400,25.7,25.5,26.0,1014.9,,,88,1.5,110,,,,,,,40,802,2013-07-29 21:00:00,2013,7
172462,1375110000,25.75,25.5,26.0,1014.9,,,88,2.1,120,,,,,,,20,801,2013-07-29 22:00:00,2013,7
172463,1375113600,25.3,25.0,25.5,1014.9,,,94,2.6,110,,,,,,,20,801,2013-07-29 23:00:00,2013,7
172464,1375117200,25.94,25.9,26.0,1014.9,,,83,2.1,110,,,,,,,20,801,2013-07-30 00:00:00,2013,7
172465,1375120800,25.95,25.9,26.0,1013.9,,,83,4.1,110,,,,,,,20,801,2013-07-30 01:00:00,2013,7
172466,1375124400,25.95,25.9,26.0,1013.9,,,83,4.1,110,,,,,,,20,801,2013-07-30 02:00:00,2013,7
172467,1375128000,24.2,24.0,24.4,1013.5,,,93,1.5,60,,,,,,,20,801,2013-07-30 03:00:00,2013,7
172468,1375131600,24.4,24.4,24.4,1013.5,,,93,1.5,60,,,,,,,20,801,2013-07-30 04:00:00,2013,7
172469,1375135200,23.85,23.0,24.4,1013.9,,,88,5.68,98,,,,,,,20,801,2013-07-30 05:00:00,2013,7
172470,1375138800,24.6,24.6,24.6,1013.8,,,76,2.6,30,,,,,,,47,802,2013-07-30 06:00:00,2013,7
172471,1375142400,24.6,24.6,24.6,1013.8,,,76,2.6,30,,,,,,,47,802,2013-07-30 07:00:00,2013,7
172472,1375146000,25.55,24.6,27.0,1014.9,,,69,1.5,60,,,,,,,20,801,2013-07-30 08:00:00,2013,7
172473,1375149600,28.24,28.0,28.4,1014.9,,,69,4.1,90,,,,,,,20,801,2013-07-30 09:00:00,2013,7
172474,1375153200,28.2,28.0,28.4,1014.2,,,69,2.1,130,,,,,,,14,801,2013-07-30 10:00:00,2013,7
172475,1375156800,28.64,28.4,29.0,1013.9,,,66,3.1,120,,,,,,,20,801,2013-07-30 11:00:00,2013,7
172476,1375160400,29.52,29.2,30.0,1012.9,,,66,4.1,110,,,,,,,20,801,2013-07-30 12:00:00,2013,7
172477,1375164000,29.1,29.0,29.2,1011.9,,,70,6.2,110,,,,,,,20,801,2013-07-30 13:00:00,2013,7
172478,1375167600,29.12,29.0,29.2,1010.8,,,70,5.1,110,,,,,,,20,801,2013-07-30 14:00:00,2013,7
172479,1375171200,27.64,27.4,28.0,1010.2,,,74,5.1,130,,,,,,,20,801,2013-07-30 15:00:00,2013,7
172480,1375174800,27.2,27.0,27.4,1010.4,,,76,4.1,130,,,,,,,20,801,2013-07-30 16:00:00,2013,7
172481,1375178400,26.85,26.0,27.4,1010.8,,,83,4.1,120,,,,,,,20,801,2013-07-30 17:00:00,2013,7
172482,1375182000,25.76,25.6,26.0,1011.9,,,83,4.1,130,,,,,,,20,801,2013-07-30 18:00:00,2013,7
172483,1375185600,25.8,25.6,26.0,1011.9,,,83,3.6,120,,,,,,,20,801,2013-07-30 19:00:00,2013,7
172484,1375189200,25.76,25.6,26.0,1012.9,,,83,3.1,120,,,,,,,20,801,2013-07-30 20:00:00,2013,7
172485,1375192800,25.24,25.0,25.4,1012.9,,,88,4.1,110,,,,,,,20,801,2013-07-30 21:00:00,2013,7
172486,1375196400,25.2,25.0,25.4,1012.9,,,88,3.6,110,,,,,,,20,801,2013-07-30 22:00:00,2013,7
172487,1375200000,25.24,25.0,25.4,1012.9,,,88,3.6,120,,,,,,,20,801,2013-07-30 23:00:00,2013,7
172488,1375203600,25.22,25.0,25.4,1012.9,,,88,4.1,120,,,,,,,20,801,2013-07-31 00:00:00,2013,7
172489,1375207200,25.2,25.0,25.4,1012.9,,,83,4.1,110,,,,,,,20,801,2013-07-31 01:00:00,2013,7
172490,1375210800,25.24,25.0,25.4,1012.9,,,83,5.1,100,,,,,,,20,801,2013-07-31 02:00:00,2013,7
172491,1375214400,23.8,22.6,25.0,1012.0,,,89,2.6,140,,,,,,,75,803,2013-07-31 03:00:00,2013,7
172492,1375218000,22.6,22.6,22.6,1012.0,,,89,2.6,140,,,,,,,80,803,2013-07-31 04:00:00,2013,7
172493,1375221600,23.55,22.6,25.0,1012.9,,,78,4.6,90,,,,,,,20,801,2013-07-31 05:00:00,2013,7
172494,1375225200,22.97,22.0,23.6,1012.9,,,94,2.1,60,,,,,,,20,801,2013-07-31 06:00:00,2013,7
172495,1375228800,23.8,23.6,24.0,1012.9,,,78,2.6,60,,,,,,,20,801,2013-07-31 07:00:00,2013,7
172496,1375232400,24.94,23.6,27.0,1012.9,,,69,4.6,90,,,,,,,20,801,2013-07-31 08:00:00,2013,7
172497,1375236000,27.88,27.8,28.0,1012.9,,,69,5.1,110,,,,,,,40,802,2013-07-31 09:00:00,2013,7
172498,1375239600,27.9,27.8,28.0,1012.9,,,69,5.1,110,,,,,,,40,802,2013-07-31 10:00:00,2013,7
172499,1375243200,27.88,27.8,28.0,1011.9,,,74,5.1,130,,,,,,,40,802,2013-07-31 11:00:00,2013,7
172500,1375246800,28.0,28.0,28.0,1010.2,,,74,5.1,120,,,,,,,20,801,2013-07-31 12:00:00,2013,7
172501,1375250400,28.0,28.0,28.0,1010.2,,,73,3.6,110,,,,,,,20,801,2013-07-31 13:00:00,2013,7
172502,1375254000,28.0,28.0,28.0,1010.2,,,74,5.1,110,,,,,,,20,801,2013-07-31 14:00:00,2013,7
172503,1375257600,27.27,26.8,28.0,1010.2,,,74,6.2,120,,,,,,,20,801,2013-07-31 15:00:00,2013,7
172504,1375261200,26.9,26.8,27.0,1009.9,,,77,5.1,130,,,,,,,20,801,2013-07-31 16:00:00,2013,7
172505,1375264800,26.48,26.0,26.8,1010.2,,,78,5.1,110,,,,,,,40,802,2013-07-31 17:00:00,2013,7
172506,1375268400,25.24,25.0,25.4,1010.8,,,83,5.1,130,,,,,,,40,802,2013-07-31 18:00:00,2013,7
172507,1375272000,25.2,25.0,25.4,1011.8,,,80,5.1,120,,,,,,,20,801,2013-07-31 19:00:00,2013,7
172508,1375275600,25.24,25.0,25.4,1011.9,,,83,5.1,110,,,,,,,40,802,2013-07-31 20:00:00,2013,7
172509,1375279200,25.06,25.0,25.1,1011.9,,,83,5.1,110,,,,,,,40,802,2013-07-31 21:00:00,2013,7
172510,1375282800,25.05,25.0,25.1,1011.9,,,83,4.1,110,,,,,,,40,802,2013-07-31 22:00:00,2013,7
172511,1375286400,25.06,25.0,25.1,1011.9,,,83,4.1,100,,,,,,,20,801,2013-07-31 23:00:00,2013,7
