index,dt,datetime,timezone,city_name,lat,lon,temp,temp_min,temp_max,pressure,sea_level,grnd_level,humidity,wind_speed,wind_deg,rain_1h,rain_3h,rain_6h,rain_12h,rain_24h,rain_today,snow_1h,snow_3h,snow_6h,snow_12h,snow_24h,snow_today,clouds_all,weather_id
193292,1448902800,2015-12-01 00:00:00,28800,Denpasar,-8.652497,115.219117,27.0,27.0,27.0,1007.1,,,88,1.0,240,,,,,,,,,,,,,20,801
193293,1448906400,2015-12-01 01:00:00,28800,Denpasar,-8.652497,115.219117,26.0,26.0,26.0,1007.1,,,94,1.0,0,,,,,,,,,,,,,20,801
193294,1448910000,2015-12-01 02:00:00,28800,Denpasar,-8.652497,115.219117,27.0,27.0,27.0,1006.1,,,88,1.0,260,,,,,,,,,,,,,75,803
193295,1448913600,2015-12-01 03:00:00,28800,Denpasar,-8.652497,115.219117,26.06,26.0,26.1,1006.1,,,88,1.5,290,,,,,,,,,,,,,20,801
193296,1448917200,2015-12-01 04:00:00,28800,Denpasar,-8.652497,115.219117,26.05,26.0,26.1,1007.1,,,94,1.0,300,,,,,,,,,,,,,20,801
193297,1448920800,2015-12-01 05:00:00,28800,Denpasar,-8.652497,115.219117,26.06,26.0,26.1,1007.1,,,94,1.0,0,,,,,,,,,,,,,20,801
193298,1448924400,2015-12-01 06:00:00,28800,Denpasar,-8.652497,115.219117,28.97,28.0,29.6,1008.1,,,88,1.0,0,,,,,,,,,,,,,20,801
193299,1448928000,2015-12-01 07:00:00,28800,Denpasar,-8.652497,115.219117,29.8,29.6,30.0,1008.1,,,79,1.5,100,,,,,,,,,,,,,40,802
193300,1448931600,2015-12-01 08:00:00,28800,Denpasar,-8.652497,115.219117,29.76,29.6,30.0,1008.1,,,79,3.1,110,,,,,,,,,,,,,20,801
193301,1448935200,2015-12-01 09:00:00,28800,Denpasar,-8.652497,115.219117,30.94,30.9,31.0,1008.1,,,70,2.6,200,,,,,,,,,,,,,20,801
193302,1448938800,2015-12-01 10:00:00,28800,Denpasar,-8.652497,115.219117,30.95,30.9,31.0,1007.0,,,76,4.1,100,,,,,,,,,,,,,40,802
193303,1448942400,2015-12-01 11:00:00,28800,Denpasar,-8.652497,115.219117,30.94,30.9,31.0,1007.1,,,74,4.1,120,,,,,,,,,,,,,20,801
193304,1448946000,2015-12-01 12:00:00,28800,Denpasar,-8.652497,115.219117,31.48,31.0,31.8,1006.1,,,74,4.1,110,,,,,,,,,,,,,20,801
193305,1448949600,2015-12-01 13:00:00,28800,Denpasar,-8.652497,115.219117,31.9,31.8,32.0,1005.1,,,66,5.1,160,,,,,,,,,,,,,20,801
193306,1448953200,2015-12-01 14:00:00,28800,Denpasar,-8.652497,115.219117,31.48,31.0,31.8,1005.1,,,70,6.2,160,,,,,,,,,,,,,20,801
193307,1448956800,2015-12-01 15:00:00,28800,Denpasar,-8.652497,115.219117,30.33,29.9,31.0,1004.1,,,70,5.7,160,,,,,,,,,,,,,1,800
193308,1448960400,2015-12-01 16:00:00,28800,Denpasar,-8.652497,115.219117,29.95,29.9,30.0,1005.1,,,74,5.1,140,,,,,,,,,,,,,1,800
193309,1448964000,2015-12-01 17:00:00,28800,Denpasar,-8.652497,115.219117,29.54,29.0,29.9,1005.1,,,79,4.6,140,,,,,,,,,,,,,1,800
193310,1448967600,2015-12-01 18:00:00,28800,Denpasar,-8.652497,115.219117,28.7,28.5,29.0,1006.1,,,79,3.6,140,,,,,,,,,,,,,1,800
193311,1448971200,2015-12-01 19:00:00,28800,Denpasar,-8.652497,115.219117,28.77,28.5,29.0,1006.2,,,84,2.1,150,,,,,,,,,,,,,20,801
193312,1448974800,2015-12-01 20:00:00,28800,Denpasar,-8.652497,115.219117,28.3,28.0,28.5,1007.1,,,88,2.6,130,,,,,,,,,,,,,20,801
193313,1448978400,2015-12-01 21:00:00,28800,Denpasar,-8.652497,115.219117,28.12,28.0,28.2,1007.1,,,88,4.1,140,,,,,,,,,,,,,20,801
193314,1448982000,2015-12-01 22:00:00,28800,Denpasar,-8.652497,115.219117,28.1,28.0,28.2,1006.9,,,87,1.5,140,,,,,,,,,,,,,20,801
193315,1448985600,2015-12-01 23:00:00,28800,Denpasar,-8.652497,115.219117,28.12,28.0,28.2,1007.1,,,88,3.1,140,,,,,,,,,,,,,20,801
193316,1448989200,2015-12-02 00:00:00,28800,Denpasar,-8.652497,115.219117,27.7,27.5,28.0,1006.1,,,88,2.1,140,,,,,,,,,,,,,20,801
193317,1448992800,2015-12-02 01:00:00,28800,Denpasar,-8.652497,115.219117,27.75,27.5,28.0,1005.6,,,92,1.5,110,,,,,,,,,,,,,20,801
193318,1448996400,2015-12-02 02:00:00,28800,Denpasar,-8.652497,115.219117,27.3,27.0,27.5,1005.1,,,94,1.0,110,,,,,,,,,,,,,40,802
193319,1449000000,2015-12-02 03:00:00,28800,Denpasar,-8.652497,115.219117,27.7,27.5,28.0,1005.1,,,88,2.1,120,,0.5,,,,,,,,,,,40,500
193320,1449003600,2015-12-02 04:00:00,28800,Denpasar,-8.652497,115.219117,27.75,27.5,28.0,1005.3,,,93,1.0,40,,0.5,,,,,,,,,,,40,500
193321,1449007200,2015-12-02 05:00:00,28800,Denpasar,-8.652497,115.219117,26.91,26.0,27.5,1006.0,,,94,4.1,50,,0.5,,,,,,,,,,,75,500
193322,1449010800,2015-12-02 06:00:00,28800,Denpasar,-8.652497,115.219117,27.33,26.0,28.2,1007.1,,,88,3.1,80,,10.0,,,10.9,,,,,,,,75,501
193323,1449014400,2015-12-02 07:00:00,28800,Denpasar,-8.652497,115.219117,28.6,28.2,29.0,1006.9,,,84,1.5,60,,10.0,,,10.9,,,,,,,,40,501
193324,1449018000,2015-12-02 08:00:00,28800,Denpasar,-8.652497,115.219117,28.52,28.2,29.0,1008.1,,,83,1.5,340,,10.0,,,10.9,,,,,,,,75,501
193325,1449021600,2015-12-02 09:00:00,28800,Denpasar,-8.652497,115.219117,30.67,30.0,31.2,1008.1,,,79,2.6,100,,,,,,,,,,,,,40,802
193326,1449025200,2015-12-02 10:00:00,28800,Denpasar,-8.652497,115.219117,31.68,31.2,32.0,1006.7,,,74,3.6,100,,,,,,,,,,,,,20,801
193327,1449028800,2015-12-02 11:00:00,28800,Denpasar,-8.652497,115.219117,31.2,31.2,31.2,1006.7,,,74,3.6,100,,,,,,,,,,,,,20,801
193328,1449032400,2015-12-02 12:00:00,28800,Denpasar,-8.652497,115.219117,31.12,31.0,31.2,1006.1,,,70,4.6,140,,,,,,,,,,,,,40,802
193329,1449036000,2015-12-02 13:00:00,28800,Denpasar,-8.652497,115.219117,31.1,31.0,31.2,1005.1,,,70,6.7,140,,,,,,,,,,,,,40,802
193330,1449039600,2015-12-02 14:00:00,28800,Denpasar,-8.652497,115.219117,31.12,31.0,31.2,1004.0,,,70,6.7,160,,,,,,,,,,,,,20,801
193331,1449043200,2015-12-02 15:00:00,28800,Denpasar,-8.652497,115.219117,30.64,30.4,31.0,1004.1,,,70,7.2,160,,,,,,,,,,,,,40,802
193332,1449046800,2015-12-02 16:00:00,28800,Denpasar,-8.652497,115.219117,30.7,30.4,31.0,1004.5,,,73,3.1,160,,,,,,,,,,,,,40,802
193333,1449050400,2015-12-02 17:00:00,28800,Denpasar,-8.652497,115.219117,29.85,29.0,30.4,1005.0,,,79,6.2,150,,,,,,,,,,,,,20,801
193334,1449054000,2015-12-02 18:00:00,28800,Denpasar,-8.652497,115.219117,28.7,28.5,29.0,1006.1,,,83,3.6,150,,,,,,,,,,,,,40,802
193335,1449057600,2015-12-02 19:00:00,28800,Denpasar,-8.652497,115.219117,28.25,28.0,28.5,1007.1,,,88,1.5,170,,,,,,,,,,,,,20,801
193336,1449061200,2015-12-02 20:00:00,28800,Denpasar,-8.652497,115.219117,28.3,28.0,28.5,1007.1,,,88,1.5,200,,,,,,,,,,,,,1,800
193337,1449064800,2015-12-02 21:00:00,28800,Denpasar,-8.652497,115.219117,27.64,27.4,28.0,1007.1,,,88,2.1,180,,,,,,,,,,,,,1,800
193338,1449068400,2015-12-02 22:00:00,28800,Denpasar,-8.652497,115.219117,27.2,27.0,27.4,1007.2,,,92,1.22,30,,,,,,,,,,,,,20,801
193339,1449072000,2015-12-02 23:00:00,28800,Denpasar,-8.652497,115.219117,27.24,27.0,27.4,1007.1,,,94,1.5,190,,,,,,,,,,,,,1,800
193340,1449075600,2015-12-03 00:00:00,28800,Denpasar,-8.652497,115.219117,26.88,26.8,27.0,1007.1,,,94,1.5,190,,,,,,,,,,,,,1,800
193341,1449079200,2015-12-03 01:00:00,28800,Denpasar,-8.652497,115.219117,26.9,26.8,27.0,1006.0,,,95,0.69,12,,,,,,,,,,,,,20,801
193342,1449082800,2015-12-03 02:00:00,28800,Denpasar,-8.652497,115.219117,26.89,26.8,27.0,1006.1,,,88,1.0,0,,,,,,,,,,,,,40,802
193343,1449086400,2015-12-03 03:00:00,28800,Denpasar,-8.652497,115.219117,26.2,26.2,26.2,1006.4,,,93,1.59,184,,,,,,,,,,,,,20,801
193344,1449090000,2015-12-03 04:00:00,28800,Denpasar,-8.652497,115.219117,26.2,26.2,26.2,1006.4,,,93,1.44,171,,,,,,,,,,,,,20,801
193345,1449093600,2015-12-03 05:00:00,28800,Denpasar,-8.652497,115.219117,26.12,26.0,26.2,1007.1,,,94,2.1,360,,,,,,,,,,,,,40,802
193346,1449097200,2015-12-03 06:00:00,28800,Denpasar,-8.652497,115.219117,27.91,27.0,28.5,1008.1,,,88,3.1,0,,,,,,,,,,,,,40,802
193347,1449100800,2015-12-03 07:00:00,28800,Denpasar,-8.652497,115.219117,28.75,28.5,29.0,1008.1,,,83,2.6,10,,,,,,,,,,,,,75,803
193348,1449104400,2015-12-03 08:00:00,28800,Denpasar,-8.652497,115.219117,29.09,28.5,30.0,1008.1,,,79,2.1,330,,,,,,,,,,,,,40,802
193349,1449108000,2015-12-03 09:00:00,28800,Denpasar,-8.652497,115.219117,29.7,29.5,30.0,1008.1,,,79,3.1,280,,,,,,,,,,,,,40,802
193350,1449111600,2015-12-03 10:00:00,28800,Denpasar,-8.652497,115.219117,29.75,29.5,30.0,1007.6,,,78,2.6,270,,,,,,,,,,,,,40,802
193351,1449115200,2015-12-03 11:00:00,28800,Denpasar,-8.652497,115.219117,30.09,29.5,31.0,1007.1,,,74,3.6,270,,,,,,,,,,,,,40,802
193352,1449118800,2015-12-03 12:00:00,28800,Denpasar,-8.652497,115.219117,31.12,31.0,31.2,1006.1,,,70,1.0,0,,,,,,,,,,,,,40,802
193353,1449122400,2015-12-03 13:00:00,28800,Denpasar,-8.652497,115.219117,31.1,31.0,31.2,1006.0,,,66,3.6,190,,,,,,,,,,,,,40,802
193354,1449126000,2015-12-03 14:00:00,28800,Denpasar,-8.652497,115.219117,31.12,31.0,31.2,1005.1,,,74,4.1,190,,,,,,,,,,,,,40,802
193355,1449129600,2015-12-03 15:00:00,28800,Denpasar,-8.652497,115.219117,31.27,30.8,32.0,1005.1,,,66,2.6,180,,,,,,,,,,,,,40,802
193356,1449133200,2015-12-03 16:00:00,28800,Denpasar,-8.652497,115.219117,30.9,30.8,31.0,1005.6,,,68,2.1,220,,,,,,,,,,,,,20,801
193357,1449136800,2015-12-03 17:00:00,28800,Denpasar,-8.652497,115.219117,30.48,30.0,30.8,1007.1,,,70,2.1,190,,,,,,,,,,,,,20,801
193358,1449140400,2015-12-03 18:00:00,28800,Denpasar,-8.652497,115.219117,28.52,28.2,29.0,1008.1,,,79,1.5,210,,,,,,,,,,,,,20,801
193359,1449144000,2015-12-03 19:00:00,28800,Denpasar,-8.652497,115.219117,28.1,28.0,28.2,1007.9,,,83,1.0,190,,,,,,,,,,,,,40,802
193360,1449147600,2015-12-03 20:00:00,28800,Denpasar,-8.652497,115.219117,28.12,28.0,28.2,1009.1,,,83,1.0,0,,,,,,,,,,,,,20,801
193361,1449151200,2015-12-03 21:00:00,28800,Denpasar,-8.652497,115.219117,27.82,27.7,28.0,1009.1,,,83,1.5,150,,,,,,,,,,,,,20,801
193362,1449154800,2015-12-03 22:00:00,28800,Denpasar,-8.652497,115.219117,27.85,27.7,28.0,1009.1,,,83,2.6,140,,,,,,,,,,,,,20,801
193363,1449158400,2015-12-03 23:00:00,28800,Denpasar,-8.652497,115.219117,27.42,27.0,27.7,1009.1,,,88,1.0,0,,,,,,,,,,,,,20,801
193364,1449162000,2015-12-04 00:00:00,28800,Denpasar,-8.652497,115.219117,26.82,26.7,27.0,1008.1,,,88,1.0,0,,,,,,,,,,,,,20,801
193365,1449165600,2015-12-04 01:00:00,28800,Denpasar,-8.652497,115.219117,26.85,26.7,27.0,1007.5,,,92,1.0,260,,,,,,,,,,,,,40,802
193366,1449169200,2015-12-04 02:00:00,28800,Denpasar,-8.652497,115.219117,26.82,26.7,27.0,1008.1,,,88,4.6,300,,,,,,,,,,,,,40,802
193367,1449172800,2015-12-04 03:00:00,28800,Denpasar,-8.652497,115.219117,27.18,27.0,27.3,1008.1,,,88,4.1,320,,,,,,,,,,,,,75,803
193368,1449176400,2015-12-04 04:00:00,28800,Denpasar,-8.652497,115.219117,27.15,27.0,27.3,1008.0,,,85,3.6,300,,,,,,,,,,,,,40,802
193369,1449180000,2015-12-04 05:00:00,28800,Denpasar,-8.652497,115.219117,27.18,27.0,27.3,1009.1,,,83,5.7,290,,,,,,,,,,,,,75,803
193370,1449183600,2015-12-04 06:00:00,28800,Denpasar,-8.652497,115.219117,27.3,27.0,27.5,1010.2,,,83,4.6,330,,,,,,,,,,,,,20,801
193371,1449187200,2015-12-04 07:00:00,28800,Denpasar,-8.652497,115.219117,27.75,27.5,28.0,1010.2,,,83,5.1,300,,,,,,,,,,,,,75,803
193372,1449190800,2015-12-04 08:00:00,28800,Denpasar,-8.652497,115.219117,27.7,27.5,28.0,1010.8,,,78,5.7,270,,,,,,,,,,,,,20,801
193373,1449194400,2015-12-04 09:00:00,28800,Denpasar,-8.652497,115.219117,28.85,28.0,29.4,1010.2,,,78,6.2,270,,,,,,,,,,,,,20,801
193374,1449198000,2015-12-04 10:00:00,28800,Denpasar,-8.652497,115.219117,29.2,29.0,29.4,1009.5,,,72,4.6,270,,,,,,,,,,,,,20,801
193375,1449201600,2015-12-04 11:00:00,28800,Denpasar,-8.652497,115.219117,29.24,29.0,29.4,1009.1,,,79,6.2,260,,,,,,,,,,,,,40,802
193376,1449205200,2015-12-04 12:00:00,28800,Denpasar,-8.652497,115.219117,29.33,28.9,30.0,1008.1,,,74,6.7,260,,,,,,,,,,,,,20,801
193377,1449208800,2015-12-04 13:00:00,28800,Denpasar,-8.652497,115.219117,28.95,28.9,29.0,1008.0,,,77,6.2,260,,,,,,,,,,,,,40,802
193378,1449212400,2015-12-04 14:00:00,28800,Denpasar,-8.652497,115.219117,28.94,28.9,29.0,1007.1,,,79,5.7,260,,,,,,,,,,,,,40,802
193379,1449216000,2015-12-04 15:00:00,28800,Denpasar,-8.652497,115.219117,28.94,28.9,29.0,1007.1,,,79,5.1,260,,,,,,,,,,,,,40,802
193380,1449219600,2015-12-04 16:00:00,28800,Denpasar,-8.652497,115.219117,28.95,28.9,29.0,1007.1,,,74,5.1,260,,,,,,,,,,,,,40,802
193381,1449223200,2015-12-04 17:00:00,28800,Denpasar,-8.652497,115.219117,28.54,28.0,28.9,1008.1,,,78,3.6,260,,,,,,,,,,,,,40,802
193382,1449226800,2015-12-04 18:00:00,28800,Denpasar,-8.652497,115.219117,27.7,27.5,28.0,1008.1,,,78,3.6,270,,,,,,,,,,,,,40,802
193383,1449230400,2015-12-04 19:00:00,28800,Denpasar,-8.652497,115.219117,27.75,27.5,28.0,1008.4,,,81,2.1,260,,,,,,,,,,,,,20,801
193384,1449234000,2015-12-04 20:00:00,28800,Denpasar,-8.652497,115.219117,27.7,27.5,28.0,1009.1,,,78,2.6,260,,,,,,,,,,,,,20,801
193385,1449237600,2015-12-04 21:00:00,28800,Denpasar,-8.652497,115.219117,27.12,27.0,27.2,1009.1,,,83,3.1,260,,,,,,,,,,,,,20,801
193386,1449241200,2015-12-04 22:00:00,28800,Denpasar,-8.652497,115.219117,27.1,27.0,27.2,1009.0,,,84,2.6,240,,,,,,,,,,,,,98,804
193387,1449244800,2015-12-04 23:00:00,28800,Denpasar,-8.652497,115.219117,27.12,27.0,27.2,1009.1,,,88,2.6,260,,,,,,,,,,,,,20,801
193388,1449248400,2015-12-05 00:00:00,28800,Denpasar,-8.652497,115.219117,27.0,27.0,27.0,1008.1,,,88,2.6,280,,,,,,,,,,,,,20,801
193389,1449252000,2015-12-05 01:00:00,28800,Denpasar,-8.652497,115.219117,27.0,27.0,27.0,1007.6,,,85,2.1,340,,,,,,,,,,,,,40,211
193390,1449255600,2015-12-05 02:00:00,28800,Denpasar,-8.652497,115.219117,27.0,27.0,27.0,1008.0,,,83,1.5,340,,,,,,,,,,,,,75,803
193391,1449259200,2015-12-05 03:00:00,28800,Denpasar,-8.652497,115.219117,26.1,26.1,26.1,1007.2,,,88,1.5,90,,1.0,,,,,,,,,,,40,500
193392,1449262800,2015-12-05 04:00:00,28800,Denpasar,-8.652497,115.219117,26.1,26.1,26.1,1007.2,,,88,1.5,90,,1.0,,,,,,,,,,,40,500
193393,1449266400,2015-12-05 05:00:00,28800,Denpasar,-8.652497,115.219117,26.06,26.0,26.1,1008.1,,,88,1.5,10,,1.0,,,,,,,,,,,40,500
193394,1449270000,2015-12-05 06:00:00,28800,Denpasar,-8.652497,115.219117,27.61,27.0,28.0,1008.1,,,83,2.6,330,,0.1,,,0.5,,,,,,,,20,500
193395,1449273600,2015-12-05 07:00:00,28800,Denpasar,-8.652497,115.219117,28.0,28.0,28.0,1008.8,,,82,4.1,310,,0.1,,,0.5,,,,,,,,40,500
193396,1449277200,2015-12-05 08:00:00,28800,Denpasar,-8.652497,115.219117,28.39,28.0,29.0,1010.2,,,74,4.1,310,,0.1,,,0.5,,,,,,,,20,500
193397,1449280800,2015-12-05 09:00:00,28800,Denpasar,-8.652497,115.219117,30.12,30.0,30.2,1009.1,,,74,4.6,300,,,,,,,,,,,,,40,802
193398,1449284400,2015-12-05 10:00:00,28800,Denpasar,-8.652497,115.219117,30.1,30.0,30.2,1009.1,,,74,5.1,290,,,,,,,,,,,,,20,801
193399,1449288000,2015-12-05 11:00:00,28800,Denpasar,-8.652497,115.219117,30.12,30.0,30.2,1009.1,,,74,5.1,270,,,,,,,,,,,,,20,801
193400,1449291600,2015-12-05 12:00:00,28800,Denpasar,-8.652497,115.219117,29.82,29.7,30.0,1008.1,,,74,5.1,260,,,,,,,,,,,,,20,801
193401,1449295200,2015-12-05 13:00:00,28800,Denpasar,-8.652497,115.219117,29.35,29.0,29.7,1007.1,,,79,5.1,270,,,,,,,,,,,,,40,802
193402,1449298800,2015-12-05 14:00:00,28800,Denpasar,-8.652497,115.219117,29.42,29.0,29.7,1007.1,,,79,4.6,260,,,,,,,,,,,,,20,801
193403,1449302400,2015-12-05 15:00:00,28800,Denpasar,-8.652497,115.219117,29.12,29.0,29.2,1006.1,,,79,4.1,260,,,,,,,,,,,,,20,801
193404,1449306000,2015-12-05 16:00:00,28800,Denpasar,-8.652497,115.219117,29.1,29.0,29.2,1007.1,,,79,4.1,260,,,,,,,,,,,,,20,801
193405,1449309600,2015-12-05 17:00:00,28800,Denpasar,-8.652497,115.219117,29.12,29.0,29.2,1007.1,,,79,3.1,260,,,,,,,,,,,,,20,801
193406,1449313200,2015-12-05 18:00:00,28800,Denpasar,-8.652497,115.219117,28.06,28.0,28.1,1008.1,,,83,2.1,240,,,,,,,,,,,,,20,801
193407,1449316800,2015-12-05 19:00:00,28800,Denpasar,-8.652497,115.219117,28.05,28.0,28.1,1008.1,,,84,2.6,260,,,,,,,,,,,,,40,802
193408,1449320400,2015-12-05 20:00:00,28800,Denpasar,-8.652497,115.219117,28.06,28.0,28.1,1009.1,,,83,2.1,270,,,,,,,,,,,,,40,802
193409,1449324000,2015-12-05 21:00:00,28800,Denpasar,-8.652497,115.219117,27.7,27.5,28.0,1009.1,,,83,1.5,260,,,,,,,,,,,,,40,802
193410,1449327600,2015-12-05 22:00:00,28800,Denpasar,-8.652497,115.219117,27.75,27.5,28.0,1009.1,,,83,1.0,250,,,,,,,,,,,,,40,802
193411,1449331200,2015-12-05 23:00:00,28800,Denpasar,-8.652497,115.219117,27.3,27.0,27.5,1009.1,,,83,1.0,0,,,,,,,,,,,,,40,802
193412,1449334800,2015-12-06 00:00:00,28800,Denpasar,-8.652497,115.219117,26.76,26.6,27.0,1008.1,,,88,1.0,270,,,,,,,,,,,,,40,802
193413,1449338400,2015-12-06 01:00:00,28800,Denpasar,-8.652497,115.219117,26.8,26.6,27.0,1006.9,,,90,3.15,278,,,,,,,,,,,,,40,802
193414,1449342000,2015-12-06 02:00:00,28800,Denpasar,-8.652497,115.219117,26.76,26.6,27.0,1007.0,,,88,2.6,310,,,,,,,,,,,,,75,803
193415,1449345600,2015-12-06 03:00:00,28800,Denpasar,-8.652497,115.219117,26.64,26.4,27.0,1007.1,,,88,1.5,300,,4.0,,,,,,,,,,,75,501
193416,1449349200,2015-12-06 04:00:00,28800,Denpasar,-8.652497,115.219117,26.2,26.0,26.4,1007.1,,,94,1.0,0,,4.0,,,,,,,,,,,75,501
193417,1449352800,2015-12-06 05:00:00,28800,Denpasar,-8.652497,115.219117,26.24,26.0,26.4,1007.1,,,94,0.5,0,,4.0,,,,,,,,,,,75,501
193418,1449356400,2015-12-06 06:00:00,28800,Denpasar,-8.652497,115.219117,26.15,25.6,27.0,1008.1,,,88,1.5,350,,16.0,,,20.1,,,,,,,,75,502
193419,1449360000,2015-12-06 07:00:00,28800,Denpasar,-8.652497,115.219117,25.3,25.0,25.6,1008.7,,,90,2.1,350,,16.0,,,20.1,,,,,,,,40,502
193420,1449363600,2015-12-06 08:00:00,28800,Denpasar,-8.652497,115.219117,26.55,25.6,28.0,1009.1,,,83,1.5,320,,16.0,,,20.1,,,,,,,,40,502
193421,1449367200,2015-12-06 09:00:00,28800,Denpasar,-8.652497,115.219117,29.03,28.4,30.0,1010.2,,,74,3.6,310,,0.5,,,,,,,,,,,40,500
193422,1449370800,2015-12-06 10:00:00,28800,Denpasar,-8.652497,115.219117,28.2,28.0,28.4,1009.1,,,74,5.1,240,,0.5,,,,,,,,,,,40,500
193423,1449374400,2015-12-06 11:00:00,28800,Denpasar,-8.652497,115.219117,28.64,28.4,29.0,1009.1,,,74,3.6,260,,0.5,,,,,,,,,,,20,500
193424,1449378000,2015-12-06 12:00:00,28800,Denpasar,-8.652497,115.219117,28.73,28.0,29.2,1008.1,,,78,4.6,270,,,0.5,,,,,,,,,,20,801
193425,1449381600,2015-12-06 13:00:00,28800,Denpasar,-8.652497,115.219117,29.1,29.0,29.2,1007.4,,,78,3.6,260,,,0.5,,,,,,,,,,40,802
193426,1449385200,2015-12-06 14:00:00,28800,Denpasar,-8.652497,115.219117,29.52,29.2,30.0,1007.1,,,74,5.1,270,,,0.5,,,,,,,,,,40,802
193427,1449388800,2015-12-06 15:00:00,28800,Denpasar,-8.652497,115.219117,29.18,29.0,29.3,1007.1,,,79,4.1,270,,,,,,,,,,,,,40,802
193428,1449392400,2015-12-06 16:00:00,28800,Denpasar,-8.652497,115.219117,29.15,29.0,29.3,1006.8,,,74,3.1,260,,,,,,,,,,,,,40,802
193429,1449396000,2015-12-06 17:00:00,28800,Denpasar,-8.652497,115.219117,29.18,29.0,29.3,1008.1,,,74,3.6,260,,,,,,,,,,,,,20,801
193430,1449399600,2015-12-06 18:00:00,28800,Denpasar,-8.652497,115.219117,27.94,27.9,28.0,1008.1,,,78,3.1,260,,,,,,,,,,,,,40,802
193431,1449403200,2015-12-06 19:00:00,28800,Denpasar,-8.652497,115.219117,27.95,27.9,28.0,1008.4,,,81,2.1,250,,,,,,,,,,,,,40,802
193432,1449406800,2015-12-06 20:00:00,28800,Denpasar,-8.652497,115.219117,27.94,27.9,28.0,1010.2,,,78,2.6,260,,,,,,,,,,,,,20,801
193433,1449410400,2015-12-06 21:00:00,28800,Denpasar,-8.652497,115.219117,28.0,28.0,28.0,1010.2,,,83,2.1,330,,,,,,,,,,,,,40,802
193434,1449414000,2015-12-06 22:00:00,28800,Denpasar,-8.652497,115.219117,28.0,28.0,28.0,1009.5,,,80,2.6,310,,,,,,,,,,,,,40,802
193435,1449417600,2015-12-06 23:00:00,28800,Denpasar,-8.652497,115.219117,27.56,27.0,28.0,1010.2,,,83,2.1,310,,,,,,,,,,,,,40,802
193436,1449421200,2015-12-07 00:00:00,28800,Denpasar,-8.652497,115.219117,26.61,25.7,28.0,1009.1,,,78,1.0,0,,,,,,,,,,,,,40,802
193437,1449424800,2015-12-07 01:00:00,28800,Denpasar,-8.652497,115.219117,25.85,25.7,26.0,1008.1,,,82,2.1,300,,,,,,,,,,,,,40,802
193438,1449428400,2015-12-07 02:00:00,28800,Denpasar,-8.652497,115.219117,25.82,25.7,26.0,1008.1,,,78,4.1,320,,,,,,,,,,,,,40,802
193439,1449432000,2015-12-07 03:00:00,28800,Denpasar,-8.652497,115.219117,25.55,25.1,26.0,1008.1,,,78,4.1,320,,,,,,,,,,,,,40,802
193440,1449435600,2015-12-07 04:00:00,28800,Denpasar,-8.652497,115.219117,25.1,25.1,25.1,1007.1,,,79,1.5,340,,,,,,,,,,,,,20,801
193441,1449439200,2015-12-07 05:00:00,28800,Denpasar,-8.652497,115.219117,25.1,25.1,25.1,1007.1,,,79,1.5,340,,,,,,,,,,,,,20,801
193442,1449442800,2015-12-07 06:00:00,28800,Denpasar,-8.652497,115.219117,26.91,26.0,27.5,1008.1,,,78,0.97,267,,,,,0.5,,,,,,,,40,802
193443,1449446400,2015-12-07 07:00:00,28800,Denpasar,-8.652497,115.219117,27.75,27.5,28.0,1008.3,,,74,1.0,340,,,,,0.5,,,,,,,,40,802
193444,1449450000,2015-12-07 08:00:00,28800,Denpasar,-8.652497,115.219117,28.09,27.5,29.0,1009.1,,,70,2.1,320,,,,,0.5,,,,,,,,20,801
193445,1449453600,2015-12-07 09:00:00,28800,Denpasar,-8.652497,115.219117,30.06,30.0,30.1,1008.1,,,74,3.1,290,,,,,,,,,,,,,20,801
193446,1449457200,2015-12-07 10:00:00,28800,Denpasar,-8.652497,115.219117,30.05,30.0,30.1,1007.6,,,72,2.1,260,,,,,,,,,,,,,40,802
193447,1449460800,2015-12-07 11:00:00,28800,Denpasar,-8.652497,115.219117,30.06,30.0,30.1,1007.1,,,70,4.6,260,,,,,,,,,,,,,20,801
193448,1449464400,2015-12-07 12:00:00,28800,Denpasar,-8.652497,115.219117,30.12,30.0,30.2,1007.1,,,74,4.6,260,,,,,,,,,,,,,40,802
193449,1449468000,2015-12-07 13:00:00,28800,Denpasar,-8.652497,115.219117,30.1,30.0,30.2,1005.6,,,71,4.1,250,,,,,,,,,,,,,40,802
193450,1449471600,2015-12-07 14:00:00,28800,Denpasar,-8.652497,115.219117,30.12,30.0,30.2,1005.1,,,74,5.1,260,,,,,,,,,,,,,20,801
193451,1449475200,2015-12-07 15:00:00,28800,Denpasar,-8.652497,115.219117,29.94,29.9,30.0,1005.1,,,74,4.6,270,,,,,,,,,,,,,1,800
193452,1449478800,2015-12-07 16:00:00,28800,Denpasar,-8.652497,115.219117,29.95,29.9,30.0,1005.0,,,71,3.6,260,,,,,,,,,,,,,40,802
193453,1449482400,2015-12-07 17:00:00,28800,Denpasar,-8.652497,115.219117,29.54,29.0,29.9,1006.1,,,79,3.6,270,,,,,,,,,,,,,40,802
193454,1449486000,2015-12-07 18:00:00,28800,Denpasar,-8.652497,115.219117,28.06,28.0,28.1,1007.1,,,78,2.1,230,,,,,,,,,,,,,40,802
193455,1449489600,2015-12-07 19:00:00,28800,Denpasar,-8.652497,115.219117,28.05,28.0,28.1,1006.6,,,78,1.0,210,,,,,,,,,,,,,20,801
193456,1449493200,2015-12-07 20:00:00,28800,Denpasar,-8.652497,115.219117,28.06,28.0,28.1,1008.1,,,78,0.5,0,,,,,,,,,,,,,20,801
193457,1449496800,2015-12-07 21:00:00,28800,Denpasar,-8.652497,115.219117,25.99,24.4,28.0,1008.1,,,78,0.5,0,,,,,,,,,,,,,20,801
193458,1449500400,2015-12-07 22:00:00,28800,Denpasar,-8.652497,115.219117,25.7,24.4,27.0,1008.1,,,85,1.78,221,,,,,,,,,,,,,40,802
193459,1449504000,2015-12-07 23:00:00,28800,Denpasar,-8.652497,115.219117,25.43,24.4,27.0,1008.1,,,83,1.0,0,,,,,,,,,,,,,20,801
193460,1449507600,2015-12-08 00:00:00,28800,Denpasar,-8.652497,115.219117,26.58,26.3,27.0,1008.1,,,83,1.0,230,,,,,,,,,,,,,20,801
193461,1449511200,2015-12-08 01:00:00,28800,Denpasar,-8.652497,115.219117,26.15,26.0,26.3,1006.9,,,90,2.03,248,,,,,,,,,,,,,20,801
193462,1449514800,2015-12-08 02:00:00,28800,Denpasar,-8.652497,115.219117,26.58,26.3,27.0,1007.1,,,83,1.0,0,,,,,,,,,,,,,40,802
193463,1449518400,2015-12-08 03:00:00,28800,Denpasar,-8.652497,115.219117,26.6,26.6,26.6,1006.8,,,85,1.5,290,,,,,,,,,,,,,40,802
193464,1449522000,2015-12-08 04:00:00,28800,Denpasar,-8.652497,115.219117,26.6,26.6,26.6,1006.8,,,85,1.5,290,,,,,,,,,,,,,40,802
193465,1449525600,2015-12-08 05:00:00,28800,Denpasar,-8.652497,115.219117,26.36,26.0,26.6,1008.1,,,83,0.5,0,,,,,,,,,,,,,20,801
193466,1449529200,2015-12-08 06:00:00,28800,Denpasar,-8.652497,115.219117,28.0,28.0,28.0,1009.1,,,78,1.0,0,,,,,,,,,,,,,20,801
193467,1449532800,2015-12-08 07:00:00,28800,Denpasar,-8.652497,115.219117,28.0,28.0,28.0,1008.8,,,78,1.0,230,,,,,,,,,,,,,40,802
193468,1449536400,2015-12-08 08:00:00,28800,Denpasar,-8.652497,115.219117,28.39,28.0,29.0,1009.1,,,74,2.1,200,,,,,,,,,,,,,20,801
193469,1449540000,2015-12-08 09:00:00,28800,Denpasar,-8.652497,115.219117,29.48,29.0,29.8,1009.1,,,74,2.6,240,,,,,,,,,,,,,40,802
193470,1449543600,2015-12-08 10:00:00,28800,Denpasar,-8.652497,115.219117,29.9,29.8,30.0,1008.1,,,72,3.6,270,,,,,,,,,,,,,40,802
193471,1449547200,2015-12-08 11:00:00,28800,Denpasar,-8.652497,115.219117,29.88,29.8,30.0,1008.1,,,70,4.1,260,,,,,,,,,,,,,20,801
193472,1449550800,2015-12-08 12:00:00,28800,Denpasar,-8.652497,115.219117,29.48,29.0,29.8,1007.1,,,74,3.6,260,,,,,,,,,,,,,20,801
193473,1449554400,2015-12-08 13:00:00,28800,Denpasar,-8.652497,115.219117,29.9,29.8,30.0,1006.1,,,70,3.6,260,,,,,,,,,,,,,20,801
193474,1449558000,2015-12-08 14:00:00,28800,Denpasar,-8.652497,115.219117,29.88,29.8,30.0,1005.1,,,70,4.1,260,,,,,,,,,,,,,20,801
193475,1449561600,2015-12-08 15:00:00,28800,Denpasar,-8.652497,115.219117,29.82,29.7,30.0,1004.1,,,70,4.1,260,,,,,,,,,,,,,20,801
193476,1449565200,2015-12-08 16:00:00,28800,Denpasar,-8.652497,115.219117,29.85,29.7,30.0,1004.2,,,72,3.1,260,,,,,,,,,,,,,40,802
193477,1449568800,2015-12-08 17:00:00,28800,Denpasar,-8.652497,115.219117,29.42,29.0,29.7,1005.1,,,74,3.1,260,,,,,,,,,,,,,20,801
193478,1449572400,2015-12-08 18:00:00,28800,Denpasar,-8.652497,115.219117,27.39,27.0,28.0,1006.1,,,74,1.0,0,,,,,,,,,,,,,20,801
193479,1449576000,2015-12-08 19:00:00,28800,Denpasar,-8.652497,115.219117,27.0,27.0,27.0,1005.8,,,82,1.0,240,,,,,,,,,,,,,100,804
193480,1449579600,2015-12-08 20:00:00,28800,Denpasar,-8.652497,115.219117,27.0,27.0,27.0,1007.1,,,83,0.5,0,,,,,,,,,,,,,20,801
193481,1449583200,2015-12-08 21:00:00,28800,Denpasar,-8.652497,115.219117,26.7,26.5,27.0,1007.1,,,83,1.0,170,,,,,,,,,,,,,20,801
193482,1449586800,2015-12-08 22:00:00,28800,Denpasar,-8.652497,115.219117,26.25,26.0,26.5,1006.8,,,85,1.0,140,,,,,,,,,,,,,40,802
193483,1449590400,2015-12-08 23:00:00,28800,Denpasar,-8.652497,115.219117,26.3,26.0,26.5,1007.1,,,88,1.0,210,,,,,,,,,,,,,20,801
193484,1449594000,2015-12-09 00:00:00,28800,Denpasar,-8.652497,115.219117,26.0,26.0,26.0,1007.1,,,88,0.5,170,,,,,,,,,,,,,20,801
193485,1449597600,2015-12-09 01:00:00,28800,Denpasar,-8.652497,115.219117,26.0,26.0,26.0,1006.1,,,88,0.5,260,,,,,,,,,,,,,20,801
193486,1449601200,2015-12-09 02:00:00,28800,Denpasar,-8.652497,115.219117,26.0,26.0,26.0,1006.0,,,88,3.29,243,,,,,,,,,,,,,40,802
193487,1449604800,2015-12-09 03:00:00,28800,Denpasar,-8.652497,115.219117,25.7,25.5,26.0,1006.0,,,88,0.5,360,,,,,,,,,,,,,40,802
193488,1449608400,2015-12-09 04:00:00,28800,Denpasar,-8.652497,115.219117,25.75,25.5,26.0,1007.0,,,83,0.5,0,,,,,,,,,,,,,40,802
193489,1449612000,2015-12-09 05:00:00,28800,Denpasar,-8.652497,115.219117,25.3,25.0,25.5,1007.1,,,88,0.5,0,,,,,,,,,,,,,40,802
193490,1449615600,2015-12-09 06:00:00,28800,Denpasar,-8.652497,115.219117,28.48,28.0,28.8,1008.1,,,83,1.0,0,,,,,,,,,,,,,20,801
193491,1449619200,2015-12-09 07:00:00,28800,Denpasar,-8.652497,115.219117,28.9,28.8,29.0,1008.1,,,77,1.5,240,,,,,,,,,,,,,20,801
193492,1449622800,2015-12-09 08:00:00,28800,Denpasar,-8.652497,115.219117,28.88,28.8,29.0,1009.1,,,74,3.1,270,,,,,,,,,,,,,20,801
193493,1449626400,2015-12-09 09:00:00,28800,Denpasar,-8.652497,115.219117,30.0,30.0,30.0,1009.1,,,70,4.6,260,,,,,,,,,,,,,40,802
193494,1449630000,2015-12-09 10:00:00,28800,Denpasar,-8.652497,115.219117,30.0,30.0,30.0,1008.1,,,74,4.6,260,,,,,,,,,,,,,20,801
193495,1449633600,2015-12-09 11:00:00,28800,Denpasar,-8.652497,115.219117,31.0,31.0,31.0,1008.1,,,70,5.7,260,,,,,,,,,,,,,20,801
193496,1449637200,2015-12-09 12:00:00,28800,Denpasar,-8.652497,115.219117,30.7,30.5,31.0,1007.1,,,66,5.1,260,,,,,,,,,,,,,20,801
193497,1449640800,2015-12-09 13:00:00,28800,Denpasar,-8.652497,115.219117,30.75,30.5,31.0,1007.1,,,66,5.7,270,,,,,,,,,,,,,20,801
193498,1449644400,2015-12-09 14:00:00,28800,Denpasar,-8.652497,115.219117,30.3,30.0,30.5,1006.1,,,70,5.7,260,,,,,,,,,,,,,20,801
193499,1449648000,2015-12-09 15:00:00,28800,Denpasar,-8.652497,115.219117,29.64,29.4,30.0,1006.1,,,70,4.6,260,,,,,,,,,,,,,20,801
193500,1449651600,2015-12-09 16:00:00,28800,Denpasar,-8.652497,115.219117,29.2,29.0,29.4,1005.9,,,71,3.6,250,,,,,,,,,,,,,40,802
193501,1449655200,2015-12-09 17:00:00,28800,Denpasar,-8.652497,115.219117,29.24,29.0,29.4,1006.1,,,74,3.6,260,,,,,,,,,,,,,20,801
193502,1449658800,2015-12-09 18:00:00,28800,Denpasar,-8.652497,115.219117,27.82,27.7,28.0,1007.1,,,78,2.1,230,,,,,,,,,,,,,40,802
193503,1449662400,2015-12-09 19:00:00,28800,Denpasar,-8.652497,115.219117,27.85,27.7,28.0,1007.4,,,78,1.0,190,,,,,,,,,,,,,40,802
193504,1449666000,2015-12-09 20:00:00,28800,Denpasar,-8.652497,115.219117,27.42,27.0,27.7,1008.1,,,83,0.5,0,,,,,,,,,,,,,20,801
193505,1449669600,2015-12-09 21:00:00,28800,Denpasar,-8.652497,115.219117,26.88,26.8,27.0,1009.1,,,83,0.81,292,,,,,,,,,,,,,20,801
193506,1449673200,2015-12-09 22:00:00,28800,Denpasar,-8.652497,115.219117,26.9,26.8,27.0,1008.3,,,85,0.63,296,,,,,,,,,,,,,20,801
193507,1449676800,2015-12-09 23:00:00,28800,Denpasar,-8.652497,115.219117,27.27,26.8,28.0,1008.1,,,78,0.5,0,,,,,,,,,,,,,20,801
193508,1449680400,2015-12-10 00:00:00,28800,Denpasar,-8.652497,115.219117,27.18,27.0,27.3,1008.1,,,83,0.5,0,,,,,,,,,,,,,20,801
193509,1449684000,2015-12-10 01:00:00,28800,Denpasar,-8.652497,115.219117,27.15,27.0,27.3,1006.8,,,82,1.0,260,,,,,,,,,,,,,40,802
193510,1449687600,2015-12-10 02:00:00,28800,Denpasar,-8.652497,115.219117,27.18,27.0,27.3,1007.1,,,83,0.5,0,,,,,,,,,,,,,40,802
193511,1449691200,2015-12-10 03:00:00,28800,Denpasar,-8.652497,115.219117,26.61,26.3,27.0,1007.1,,,83,0.5,0,,,,,,,,,,,,,75,803
193512,1449694800,2015-12-10 04:00:00,28800,Denpasar,-8.652497,115.219117,26.15,26.0,26.3,1006.8,,,85,0.83,198,,,,,,,,,,,,,40,802
193513,1449698400,2015-12-10 05:00:00,28800,Denpasar,-8.652497,115.219117,26.18,26.0,26.3,1008.0,,,83,2.1,360,,,,,,,,,,,,,20,801
193514,1449702000,2015-12-10 06:00:00,28800,Denpasar,-8.652497,115.219117,27.91,27.0,28.5,1009.0,,,83,1.0,0,,0.5,,,0.5,,,,,,,,20,500
193515,1449705600,2015-12-10 07:00:00,28800,Denpasar,-8.652497,115.219117,28.75,28.5,29.0,1008.5,,,78,1.5,250,,0.5,,,0.5,,,,,,,,40,500
193516,1449709200,2015-12-10 08:00:00,28800,Denpasar,-8.652497,115.219117,28.7,28.5,29.0,1009.1,,,74,2.6,260,,0.5,,,0.5,,,,,,,,20,500
193517,1449712800,2015-12-10 09:00:00,28800,Denpasar,-8.652497,115.219117,29.7,29.5,30.0,1009.1,,,70,2.6,260,,,,,,,,,,,,,40,802
193518,1449716400,2015-12-10 10:00:00,28800,Denpasar,-8.652497,115.219117,29.25,29.0,29.5,1009.1,,,74,3.1,250,,,,,,,,,,,,,40,802
193519,1449720000,2015-12-10 11:00:00,28800,Denpasar,-8.652497,115.219117,29.7,29.5,30.0,1008.1,,,70,4.6,270,,,,,,,,,,,,,40,802
193520,1449723600,2015-12-10 12:00:00,28800,Denpasar,-8.652497,115.219117,30.61,30.0,31.0,1008.1,,,70,4.6,260,,,,,,,,,,,,,40,802
193521,1449727200,2015-12-10 13:00:00,28800,Denpasar,-8.652497,115.219117,31.0,31.0,31.0,1007.2,,,63,1.5,190,,,,,,,,,,,,,40,802
193522,1449730800,2015-12-10 14:00:00,28800,Denpasar,-8.652497,115.219117,31.0,31.0,31.0,1007.1,,,70,4.6,260,,,,,,,,,,,,,40,802
193523,1449734400,2015-12-10 15:00:00,28800,Denpasar,-8.652497,115.219117,30.12,30.0,30.2,1006.1,,,66,2.6,190,,,,,,,,,,,,,40,802
193524,1449738000,2015-12-10 16:00:00,28800,Denpasar,-8.652497,115.219117,30.6,30.2,31.0,1006.1,,,66,2.1,180,,,,,,,,,,,,,20,801
193525,1449741600,2015-12-10 17:00:00,28800,Denpasar,-8.652497,115.219117,29.73,29.0,30.2,1007.1,,,74,2.1,230,,,,,,,,,,,,,20,801
193526,1449745200,2015-12-10 18:00:00,28800,Denpasar,-8.652497,115.219117,28.64,28.4,29.0,1007.1,,,74,1.0,0,,,,,,,,,,,,,20,801
193527,1449748800,2015-12-10 19:00:00,28800,Denpasar,-8.652497,115.219117,28.2,28.0,28.4,1007.7,,,80,0.28,158,,,,,,,,,,,,,20,801
193528,1449752400,2015-12-10 20:00:00,28800,Denpasar,-8.652497,115.219117,28.24,28.0,28.4,1009.1,,,78,0.5,0,,,,,,,,,,,,,40,802
193529,1449756000,2015-12-10 21:00:00,28800,Denpasar,-8.652497,115.219117,25.0,25.0,25.0,1009.1,,,94,3.1,130,,,,,,,,,,,,,40,500
193530,1449759600,2015-12-10 22:00:00,28800,Denpasar,-8.652497,115.219117,25.0,25.0,25.0,1010.2,,,94,2.1,190,,,,,,,,,,,,,40,802
193531,1449763200,2015-12-10 23:00:00,28800,Denpasar,-8.652497,115.219117,26.0,26.0,26.0,1009.1,,,88,2.6,250,,,,,,,,,,,,,40,500
193532,1449766800,2015-12-11 00:00:00,28800,Denpasar,-8.652497,115.219117,25.88,25.8,26.0,1009.1,,,88,1.5,350,,0.8,6.1,,,,,,,,,,75,500
193533,1449770400,2015-12-11 01:00:00,28800,Denpasar,-8.652497,115.219117,25.9,25.8,26.0,1008.0,,,90,3.6,320,,0.8,6.1,,,,,,,,,,40,500
193534,1449774000,2015-12-11 02:00:00,28800,Denpasar,-8.652497,115.219117,25.09,24.0,25.8,1009.1,,,83,4.6,200,,0.8,6.1,,,,,,,,,,75,500
193535,1449777600,2015-12-11 03:00:00,28800,Denpasar,-8.652497,115.219117,23.58,23.3,24.0,1008.1,,,83,1.5,250,,,,,,,,,,,,,40,802
193536,1449781200,2015-12-11 04:00:00,28800,Denpasar,-8.652497,115.219117,23.15,23.0,23.3,1009.1,,,88,1.5,250,,,,,,,,,,,,,40,802
193537,1449784800,2015-12-11 05:00:00,28800,Denpasar,-8.652497,115.219117,23.97,23.3,25.0,1009.1,,,88,2.6,300,,,,,,,,,,,,,20,801
193538,1449788400,2015-12-11 06:00:00,28800,Denpasar,-8.652497,115.219117,25.94,25.9,26.0,1009.1,,,83,2.6,350,,,,,4.1,,,,,,,,20,801
193539,1449792000,2015-12-11 07:00:00,28800,Denpasar,-8.652497,115.219117,25.95,25.9,26.0,1009.1,,,87,2.1,340,,,,,4.1,,,,,,,,40,802
193540,1449795600,2015-12-11 08:00:00,28800,Denpasar,-8.652497,115.219117,26.33,25.9,27.0,1010.2,,,78,2.6,300,,,,,4.1,,,,,,,,20,801
193541,1449799200,2015-12-11 09:00:00,28800,Denpasar,-8.652497,115.219117,27.61,27.0,28.0,1010.2,,,83,3.6,290,,,,,,,,,,,,,20,801
193542,1449802800,2015-12-11 10:00:00,28800,Denpasar,-8.652497,115.219117,28.0,28.0,28.0,1009.3,,,77,2.6,280,,,,,,,,,,,,,40,802
193543,1449806400,2015-12-11 11:00:00,28800,Denpasar,-8.652497,115.219117,27.21,26.0,28.0,1009.1,,,88,2.6,190,,,,,,,,,,,,,75,502
193544,1449810000,2015-12-11 12:00:00,28800,Denpasar,-8.652497,115.219117,27.42,27.0,27.7,1009.1,,,83,2.1,190,,4.0,4.1,,,,,,,,,,75,501
193545,1449813600,2015-12-11 13:00:00,28800,Denpasar,-8.652497,115.219117,27.85,27.7,28.0,1008.1,,,74,1.5,240,,4.0,4.1,,,,,,,,,,75,501
193546,1449817200,2015-12-11 14:00:00,28800,Denpasar,-8.652497,115.219117,28.21,27.7,29.0,1007.1,,,74,1.5,210,,4.0,4.1,,,,,,,,,,40,501
193547,1449820800,2015-12-11 15:00:00,28800,Denpasar,-8.652497,115.219117,27.94,27.9,28.0,1007.1,,,74,2.1,140,,,,,,,,,,,,,20,801
193548,1449824400,2015-12-11 16:00:00,28800,Denpasar,-8.652497,115.219117,27.95,27.9,28.0,1006.6,,,75,1.5,150,,,,,,,,,,,,,40,802
193549,1449828000,2015-12-11 17:00:00,28800,Denpasar,-8.652497,115.219117,27.94,27.9,28.0,1007.1,,,78,1.0,0,,,,,,,,,,,,,40,802
193550,1449831600,2015-12-11 18:00:00,28800,Denpasar,-8.652497,115.219117,26.66,26.4,27.0,1008.1,,,78,1.0,0,,,,,,,,,,,,,40,802
193551,1449835200,2015-12-11 19:00:00,28800,Denpasar,-8.652497,115.219117,26.2,26.0,26.4,1007.8,,,82,0.5,140,,,,,,,,,,,,,40,802
193552,1449838800,2015-12-11 20:00:00,28800,Denpasar,-8.652497,115.219117,26.24,26.0,26.4,1009.1,,,83,0.5,0,,,,,,,,,,,,,20,801
193553,1449842400,2015-12-11 21:00:00,28800,Denpasar,-8.652497,115.219117,25.78,25.6,26.0,1009.1,,,83,1.62,187,,,,,,,,,,,,,20,801
193554,1449846000,2015-12-11 22:00:00,28800,Denpasar,-8.652497,115.219117,25.8,25.6,26.0,1009.1,,,88,2.1,10,,,,,,,,,,,,,20,801
193555,1449849600,2015-12-11 23:00:00,28800,Denpasar,-8.652497,115.219117,25.76,25.6,26.0,1009.1,,,88,1.5,360,,,,,,,,,,,,,20,801
193556,1449853200,2015-12-12 00:00:00,28800,Denpasar,-8.652497,115.219117,25.42,25.0,25.7,1008.1,,,88,0.5,0,,,,,,,,,,,,,20,801
193557,1449856800,2015-12-12 01:00:00,28800,Denpasar,-8.652497,115.219117,25.85,25.7,26.0,1007.9,,,91,2.6,150,,,,,,,,,,,,,20,801
193558,1449860400,2015-12-12 02:00:00,28800,Denpasar,-8.652497,115.219117,25.83,25.7,26.0,1008.1,,,88,1.5,80,,,,,,,,,,,,,40,802
193559,1449864000,2015-12-12 03:00:00,28800,Denpasar,-8.652497,115.219117,24.94,24.9,25.0,1007.0,,,94,1.0,360,,,,,,,,,,,,,20,801
193560,1449867600,2015-12-12 04:00:00,28800,Denpasar,-8.652497,115.219117,24.95,24.9,25.0,1007.0,,,88,2.6,30,,,,,,,,,,,,,20,801
193561,1449871200,2015-12-12 05:00:00,28800,Denpasar,-8.652497,115.219117,24.94,24.9,25.0,1007.1,,,88,1.5,30,,,,,,,,,,,,,20,801
193562,1449874800,2015-12-12 06:00:00,28800,Denpasar,-8.652497,115.219117,27.15,26.0,27.9,1008.1,,,88,1.5,340,,,,,4.1,,,,,,,,20,801
193563,1449878400,2015-12-12 07:00:00,28800,Denpasar,-8.652497,115.219117,27.95,27.9,28.0,1008.4,,,80,1.0,290,,,,,4.1,,,,,,,,40,802
193564,1449882000,2015-12-12 08:00:00,28800,Denpasar,-8.652497,115.219117,28.33,27.9,29.0,1009.1,,,79,1.5,270,,,,,4.1,,,,,,,,40,802
193565,1449885600,2015-12-12 09:00:00,28800,Denpasar,-8.652497,115.219117,29.54,29.0,29.9,1009.1,,,79,2.6,260,,,,,,,,,,,,,40,802
193566,1449889200,2015-12-12 10:00:00,28800,Denpasar,-8.652497,115.219117,29.95,29.9,30.0,1008.0,,,76,2.6,250,,,,,,,,,,,,,40,802
193567,1449892800,2015-12-12 11:00:00,28800,Denpasar,-8.652497,115.219117,29.94,29.9,30.0,1008.1,,,74,3.6,250,,,,,,,,,,,,,20,801
193568,1449896400,2015-12-12 12:00:00,28800,Denpasar,-8.652497,115.219117,30.12,30.0,30.2,1007.1,,,74,3.1,250,,,,,,,,,,,,,20,801
193569,1449900000,2015-12-12 13:00:00,28800,Denpasar,-8.652497,115.219117,30.1,30.0,30.2,1006.0,,,74,4.6,250,,,,,,,,,,,,,40,802
193570,1449903600,2015-12-12 14:00:00,28800,Denpasar,-8.652497,115.219117,30.2,30.2,30.2,1006.0,,,74,4.6,250,,,,,,,,,,,,,40,802
193571,1449907200,2015-12-12 15:00:00,28800,Denpasar,-8.652497,115.219117,29.06,29.0,29.1,1005.0,,,79,2.6,210,,,,,,,,,,,,,20,801
193572,1449910800,2015-12-12 16:00:00,28800,Denpasar,-8.652497,115.219117,29.05,29.0,29.1,1005.2,,,84,3.1,260,,,,,,,,,,,,,40,211
193573,1449914400,2015-12-12 17:00:00,28800,Denpasar,-8.652497,115.219117,29.1,29.1,29.1,1005.2,,,84,3.1,260,,,,,,,,,,,,,40,211
193574,1449918000,2015-12-12 18:00:00,28800,Denpasar,-8.652497,115.219117,27.12,27.0,27.2,1006.0,,,94,1.5,50,,3.0,3.0,,,,,,,,,,75,211
193575,1449918000,2015-12-12 18:00:00,28800,Denpasar,-8.652497,115.219117,27.12,27.0,27.2,1006.0,,,94,1.5,50,,3.0,3.0,,,,,,,,,,75,500
193576,1449921600,2015-12-12 19:00:00,28800,Denpasar,-8.652497,115.219117,27.1,27.0,27.2,1006.4,,,92,2.22,277,,3.0,3.0,,,,,,,,,,40,500
193577,1449925200,2015-12-12 20:00:00,28800,Denpasar,-8.652497,115.219117,27.11,27.0,27.2,1008.1,,,88,1.5,260,,3.0,3.0,,,,,,,,,,40,201
193578,1449925200,2015-12-12 20:00:00,28800,Denpasar,-8.652497,115.219117,27.11,27.0,27.2,1008.1,,,88,1.5,260,,3.0,3.0,,,,,,,,,,40,520
193579,1449928800,2015-12-12 21:00:00,28800,Denpasar,-8.652497,115.219117,27.11,27.0,27.2,1008.0,,,88,4.1,310,,3.0,3.0,,,,,,,,,,40,211
193580,1449928800,2015-12-12 21:00:00,28800,Denpasar,-8.652497,115.219117,27.11,27.0,27.2,1008.0,,,88,4.1,310,,3.0,3.0,,,,,,,,,,40,500
193581,1449932400,2015-12-12 22:00:00,28800,Denpasar,-8.652497,115.219117,27.1,27.0,27.2,1009.0,,,88,3.1,270,,3.0,3.0,,,,,,,,,,75,211
193582,1449932400,2015-12-12 22:00:00,28800,Denpasar,-8.652497,115.219117,27.1,27.0,27.2,1009.0,,,88,3.1,270,,3.0,3.0,,,,,,,,,,75,500
193583,1449936000,2015-12-12 23:00:00,28800,Denpasar,-8.652497,115.219117,26.73,26.0,27.2,1008.0,,,88,3.1,280,,3.0,3.0,,,,,,,,,,40,211
193584,1449936000,2015-12-12 23:00:00,28800,Denpasar,-8.652497,115.219117,26.73,26.0,27.2,1008.0,,,88,3.1,280,,3.0,3.0,,,,,,,,,,40,500
193585,1449939600,2015-12-13 00:00:00,28800,Denpasar,-8.652497,115.219117,26.64,26.4,27.0,1008.1,,,88,3.1,300,,,,,,,,,,,,,20,801
193586,1449943200,2015-12-13 01:00:00,28800,Denpasar,-8.652497,115.219117,26.7,26.4,27.0,1007.1,,,90,2.1,270,,,,,,,,,,,,,40,802
193587,1449946800,2015-12-13 02:00:00,28800,Denpasar,-8.652497,115.219117,26.7,26.4,27.0,1007.1,,,90,2.1,270,,,,,,,,,,,,,40,802
193588,1449950400,2015-12-13 03:00:00,28800,Denpasar,-8.652497,115.219117,26.8,26.8,26.8,1006.4,,,88,2.1,300,,,,,,,,,,,,,40,802
193589,1449954000,2015-12-13 04:00:00,28800,Denpasar,-8.652497,115.219117,26.9,26.8,27.0,1006.4,,,88,2.1,300,,,,,,,,,,,,,40,802
193590,1449957600,2015-12-13 05:00:00,28800,Denpasar,-8.652497,115.219117,26.48,26.0,26.8,1007.1,,,94,1.5,10,,,,,,,,,,,,,20,801
193591,1449961200,2015-12-13 06:00:00,28800,Denpasar,-8.652497,115.219117,28.0,28.0,28.0,1008.1,,,83,1.5,330,,,,,,,,,,,,,20,801
193592,1449964800,2015-12-13 07:00:00,28800,Denpasar,-8.652497,115.219117,28.0,28.0,28.0,1007.9,,,83,2.6,290,,,,,,,,,,,,,20,801
193593,1449968400,2015-12-13 08:00:00,28800,Denpasar,-8.652497,115.219117,28.39,28.0,29.0,1008.1,,,79,4.1,290,,,,,,,,,,,,,40,802
193594,1449972000,2015-12-13 09:00:00,28800,Denpasar,-8.652497,115.219117,29.94,29.9,30.0,1008.1,,,74,4.1,260,,,,,,,,,,,,,20,801
193595,1449975600,2015-12-13 10:00:00,28800,Denpasar,-8.652497,115.219117,29.95,29.9,30.0,1008.0,,,74,3.6,290,,,,,,,,,,,,,40,802
193596,1449979200,2015-12-13 11:00:00,28800,Denpasar,-8.652497,115.219117,29.94,29.9,30.0,1008.1,,,79,4.6,240,,,,,,,,,,,,,20,801
193597,1449982800,2015-12-13 12:00:00,28800,Denpasar,-8.652497,115.219117,30.7,30.5,31.0,1007.1,,,70,4.6,260,,,,,,,,,,,,,20,801
193598,1449986400,2015-12-13 13:00:00,28800,Denpasar,-8.652497,115.219117,30.5,30.5,30.5,1006.6,,,72,3.6,260,,,,,,,,,,,,,20,211
193599,1449990000,2015-12-13 14:00:00,28800,Denpasar,-8.652497,115.219117,30.7,30.5,31.0,1005.1,,,70,4.1,260,,,,,,,,,,,,,20,801
193600,1449993600,2015-12-13 15:00:00,28800,Denpasar,-8.652497,115.219117,29.88,29.8,30.0,1005.1,,,74,4.6,260,,,,,,,,,,,,,20,801
193601,1449997200,2015-12-13 16:00:00,28800,Denpasar,-8.652497,115.219117,29.9,29.8,30.0,1005.1,,,74,4.1,250,,,,,,,,,,,,,40,802
193602,1450000800,2015-12-13 17:00:00,28800,Denpasar,-8.652497,115.219117,29.48,29.0,29.8,1006.1,,,79,2.6,240,,,,,,,,,,,,,20,801
193603,1450004400,2015-12-13 18:00:00,28800,Denpasar,-8.652497,115.219117,28.7,28.5,29.0,1006.1,,,79,2.6,250,,,,,,,,,,,,,20,801
193604,1450008000,2015-12-13 19:00:00,28800,Denpasar,-8.652497,115.219117,28.75,28.5,29.0,1007.1,,,79,1.5,220,,,,,,,,,,,,,40,802
193605,1450011600,2015-12-13 20:00:00,28800,Denpasar,-8.652497,115.219117,28.7,28.5,29.0,1008.0,,,79,2.1,240,,,,,,,,,,,,,40,211
193606,1450015200,2015-12-13 21:00:00,28800,Denpasar,-8.652497,115.219117,27.18,27.0,27.3,1008.0,,,94,1.5,30,,0.5,,,,,,,,,,,20,211
193607,1450015200,2015-12-13 21:00:00,28800,Denpasar,-8.652497,115.219117,27.18,27.0,27.3,1008.0,,,94,1.5,30,,0.5,,,,,,,,,,,20,500
193608,1450018800,2015-12-13 22:00:00,28800,Denpasar,-8.652497,115.219117,27.15,27.0,27.3,1008.0,,,91,2.1,360,,0.5,,,,,,,,,,,40,500
193609,1450022400,2015-12-13 23:00:00,28800,Denpasar,-8.652497,115.219117,27.18,27.0,27.3,1008.1,,,94,2.1,20,,0.5,,,,,,,,,,,75,500
193610,1450026000,2015-12-14 00:00:00,28800,Denpasar,-8.652497,115.219117,27.0,27.0,27.0,1007.1,,,94,1.0,90,,,,,,,,,,,,,75,803
193611,1450029600,2015-12-14 01:00:00,28800,Denpasar,-8.652497,115.219117,27.0,27.0,27.0,1007.0,,,88,0.5,0,,,,,,,,,,,,,75,803
193612,1450033200,2015-12-14 02:00:00,28800,Denpasar,-8.652497,115.219117,27.0,27.0,27.0,1006.0,,,88,2.1,360,,,,,,,,,,,,,40,802
193613,1450036800,2015-12-14 03:00:00,28800,Denpasar,-8.652497,115.219117,26.4,25.8,27.0,1006.4,,,94,1.5,274,,,,,,,,,,,,,40,802
193614,1450040400,2015-12-14 04:00:00,28800,Denpasar,-8.652497,115.219117,25.92,25.8,26.0,1006.4,,,94,1.39,264,,,,,,,,,,,,,40,802
193615,1450044000,2015-12-14 05:00:00,28800,Denpasar,-8.652497,115.219117,25.8,25.8,25.8,1006.4,,,94,3.55,281,,,,,,,,,,,,,40,802
193616,1450047600,2015-12-14 06:00:00,28800,Denpasar,-8.652497,115.219117,28.0,28.0,28.0,1008.1,,,78,1.5,350,,,,,0.5,,,,,,,,20,801
193617,1450051200,2015-12-14 07:00:00,28800,Denpasar,-8.652497,115.219117,28.0,28.0,28.0,1008.1,,,78,2.1,10,,,,,0.5,,,,,,,,20,801
193618,1450054800,2015-12-14 08:00:00,28800,Denpasar,-8.652497,115.219117,28.39,28.0,29.0,1009.1,,,79,1.5,250,,,,,0.5,,,,,,,,20,801
193619,1450058400,2015-12-14 09:00:00,28800,Denpasar,-8.652497,115.219117,29.48,29.0,29.8,1009.1,,,83,2.6,260,,,,,,,,,,,,,20,801
193620,1450062000,2015-12-14 10:00:00,28800,Denpasar,-8.652497,115.219117,29.9,29.8,30.0,1007.7,,,78,4.6,280,,,,,,,,,,,,,40,802
193621,1450065600,2015-12-14 11:00:00,28800,Denpasar,-8.652497,115.219117,29.88,29.8,30.0,1007.1,,,74,5.1,260,,,,,,,,,,,,,20,801
193622,1450069200,2015-12-14 12:00:00,28800,Denpasar,-8.652497,115.219117,30.76,30.6,31.0,1007.1,,,74,3.6,250,,,,,,,,,,,,,20,801
193623,1450072800,2015-12-14 13:00:00,28800,Denpasar,-8.652497,115.219117,30.8,30.6,31.0,1005.7,,,74,5.1,240,,,,,,,,,,,,,40,211
193624,1450076400,2015-12-14 14:00:00,28800,Denpasar,-8.652497,115.219117,30.6,30.6,30.6,1005.7,,,74,5.1,240,,,,,,,,,,,,,40,211
193625,1450080000,2015-12-14 15:00:00,28800,Denpasar,-8.652497,115.219117,29.46,29.1,30.0,1006.1,,,74,3.1,260,,,,,,,,,,,,,20,211
193626,1450083600,2015-12-14 16:00:00,28800,Denpasar,-8.652497,115.219117,29.05,29.0,29.1,1006.0,,,76,1.0,330,,,,,,,,,,,,,40,211
193627,1450087200,2015-12-14 17:00:00,28800,Denpasar,-8.652497,115.219117,29.1,29.1,29.1,1006.0,,,76,1.0,330,,,,,,,,,,,,,40,211
193628,1450090800,2015-12-14 18:00:00,28800,Denpasar,-8.652497,115.219117,27.3,27.3,27.3,1007.0,,,87,1.0,60,,,0.0,,,,,,,,,,40,211
193629,1450094400,2015-12-14 19:00:00,28800,Denpasar,-8.652497,115.219117,27.3,27.3,27.3,1007.0,,,87,1.0,60,,,0.0,,,,,,,,,,40,211
193630,1450098000,2015-12-14 20:00:00,28800,Denpasar,-8.652497,115.219117,27.58,27.3,28.0,1008.1,,,83,1.5,10,,,,,,,,,,,,,20,801
193631,1450101600,2015-12-14 21:00:00,28800,Denpasar,-8.652497,115.219117,27.0,27.0,27.0,1008.1,,,88,1.0,180,,,,,,,,,,,,,20,801
193632,1450105200,2015-12-14 22:00:00,28800,Denpasar,-8.652497,115.219117,27.0,27.0,27.0,1007.4,,,90,1.0,70,,,,,,,,,,,,,40,802
193633,1450108800,2015-12-14 23:00:00,28800,Denpasar,-8.652497,115.219117,27.39,27.0,28.0,1007.1,,,83,1.5,340,,,,,,,,,,,,,20,801
193634,1450112400,2015-12-15 00:00:00,28800,Denpasar,-8.652497,115.219117,27.18,27.0,27.3,1007.1,,,88,1.0,0,,,,,,,,,,,,,20,801
193635,1450116000,2015-12-15 01:00:00,28800,Denpasar,-8.652497,115.219117,27.15,27.0,27.3,1006.2,,,85,2.1,340,,,,,,,,,,,,,40,802
193636,1450119600,2015-12-15 02:00:00,28800,Denpasar,-8.652497,115.219117,27.17,27.0,27.3,1006.0,,,83,2.6,320,,,,,,,,,,,,,20,801
193637,1450123200,2015-12-15 03:00:00,28800,Denpasar,-8.652497,115.219117,25.94,25.9,26.0,1005.1,,,94,1.0,0,,0.3,,,,,,,,,,,40,500
193638,1450126800,2015-12-15 04:00:00,28800,Denpasar,-8.652497,115.219117,25.95,25.9,26.0,1005.4,,,90,1.5,20,,0.3,,,,,,,,,,,20,500
193639,1450130400,2015-12-15 05:00:00,28800,Denpasar,-8.652497,115.219117,25.94,25.9,26.0,1006.0,,,88,1.5,350,,0.3,,,,,,,,,,,20,500
193640,1450134000,2015-12-15 06:00:00,28800,Denpasar,-8.652497,115.219117,28.09,27.0,28.8,1007.1,,,88,1.0,150,,,,,0.3,,,,,,,,40,721
193641,1450137600,2015-12-15 07:00:00,28800,Denpasar,-8.652497,115.219117,28.9,28.8,29.0,1007.1,,,79,0.5,0,,,,,0.3,,,,,,,,20,801
193642,1450141200,2015-12-15 08:00:00,28800,Denpasar,-8.652497,115.219117,28.88,28.8,29.0,1008.1,,,83,2.1,310,,,,,0.3,,,,,,,,20,801
193643,1450144800,2015-12-15 09:00:00,28800,Denpasar,-8.652497,115.219117,30.3,30.0,30.5,1008.1,,,79,2.1,260,,,,,,,,,,,,,20,801
193644,1450148400,2015-12-15 10:00:00,28800,Denpasar,-8.652497,115.219117,30.75,30.5,31.0,1006.5,,,69,3.1,270,,,,,,,,,,,,,40,802
193645,1450152000,2015-12-15 11:00:00,28800,Denpasar,-8.652497,115.219117,30.3,30.0,30.5,1007.1,,,74,3.1,260,,,,,,,,,,,,,40,802
193646,1450155600,2015-12-15 12:00:00,28800,Denpasar,-8.652497,115.219117,30.27,29.8,31.0,1006.1,,,70,1.5,0,,,,,,,,,,,,,20,801
193647,1450159200,2015-12-15 13:00:00,28800,Denpasar,-8.652497,115.219117,29.9,29.8,30.0,1005.4,,,72,2.6,100,,,,,,,,,,,,,40,802
193648,1450162800,2015-12-15 14:00:00,28800,Denpasar,-8.652497,115.219117,29.8,29.8,29.8,1005.4,,,72,2.6,100,,,,,,,,,,,,,40,802
193649,1450166400,2015-12-15 15:00:00,28800,Denpasar,-8.652497,115.219117,28.3,28.3,28.3,1004.6,,,77,3.6,310,,2.0,,,,,,,,,,,20,500
193650,1450170000,2015-12-15 16:00:00,28800,Denpasar,-8.652497,115.219117,28.15,28.0,28.3,1005.1,,,78,2.6,330,,2.0,,,,,,,,,,,20,500
193651,1450173600,2015-12-15 17:00:00,28800,Denpasar,-8.652497,115.219117,28.18,28.0,28.3,1005.1,,,78,2.6,330,,2.0,,,,,,,,,,,1,500
193652,1450177200,2015-12-15 18:00:00,28800,Denpasar,-8.652497,115.219117,27.42,27.0,27.7,1006.1,,,88,5.1,320,,,2.0,,,,,,,,,,40,802
193653,1450180800,2015-12-15 19:00:00,28800,Denpasar,-8.652497,115.219117,27.85,27.7,28.0,1005.8,,,75,4.1,290,,,2.0,,,,,,,,,,75,803
193654,1450184400,2015-12-15 20:00:00,28800,Denpasar,-8.652497,115.219117,27.42,27.0,27.7,1006.1,,,83,1.5,250,,,2.0,,,,,,,,,,20,801
193655,1450188000,2015-12-15 21:00:00,28800,Denpasar,-8.652497,115.219117,26.7,26.5,27.0,1007.1,,,83,1.5,60,,,,,,,,,,,,,20,801
193656,1450191600,2015-12-15 22:00:00,28800,Denpasar,-8.652497,115.219117,26.75,26.5,27.0,1006.8,,,88,1.0,360,,,,,,,,,,,,,75,803
193657,1450195200,2015-12-15 23:00:00,28800,Denpasar,-8.652497,115.219117,26.7,26.5,27.0,1007.1,,,83,1.5,330,,,,,,,,,,,,,20,801
193658,1450198800,2015-12-16 00:00:00,28800,Denpasar,-8.652497,115.219117,25.94,25.9,26.0,1006.1,,,88,1.0,0,,,,,,,,,,,,,20,801
193659,1450202400,2015-12-16 01:00:00,28800,Denpasar,-8.652497,115.219117,25.95,25.9,26.0,1006.1,,,88,1.5,20,,,,,,,,,,,,,20,801
193660,1450206000,2015-12-16 02:00:00,28800,Denpasar,-8.652497,115.219117,25.54,25.0,25.9,1005.1,,,88,1.0,0,,,,,,,,,,,,,20,801
193661,1450209600,2015-12-16 03:00:00,28800,Denpasar,-8.652497,115.219117,24.82,24.7,25.0,1005.1,,,94,0.5,0,,,,,,,,,,,,,20,801
193662,1450213200,2015-12-16 04:00:00,28800,Denpasar,-8.652497,115.219117,24.85,24.7,25.0,1005.1,,,88,0.5,10,,,,,,,,,,,,,20,801
193663,1450216800,2015-12-16 05:00:00,28800,Denpasar,-8.652497,115.219117,24.82,24.7,25.0,1006.1,,,88,0.5,0,,,,,,,,,,,,,20,801
193664,1450220400,2015-12-16 06:00:00,28800,Denpasar,-8.652497,115.219117,27.09,26.0,27.8,1006.1,,,88,1.5,40,,,,,2.0,,,,,,,,20,801
193665,1450224000,2015-12-16 07:00:00,28800,Denpasar,-8.652497,115.219117,27.9,27.8,28.0,1007.1,,,78,1.5,10,,,,,2.0,,,,,,,,20,801
193666,1450227600,2015-12-16 08:00:00,28800,Denpasar,-8.652497,115.219117,28.67,27.8,30.0,1007.1,,,74,1.5,180,,,,,2.0,,,,,,,,20,801
193667,1450231200,2015-12-16 09:00:00,28800,Denpasar,-8.652497,115.219117,30.82,30.7,31.0,1007.1,,,66,2.6,270,,,,,,,,,,,,,20,801
193668,1450234800,2015-12-16 10:00:00,28800,Denpasar,-8.652497,115.219117,30.85,30.7,31.0,1006.6,,,67,2.1,260,,,,,,,,,,,,,40,802
193669,1450238400,2015-12-16 11:00:00,28800,Denpasar,-8.652497,115.219117,30.82,30.7,31.0,1006.1,,,66,3.1,250,,,,,,,,,,,,,20,801
193670,1450242000,2015-12-16 12:00:00,28800,Denpasar,-8.652497,115.219117,30.64,30.4,31.0,1005.1,,,70,3.6,250,,,,,,,,,,,,,20,801
193671,1450245600,2015-12-16 13:00:00,28800,Denpasar,-8.652497,115.219117,30.2,30.0,30.4,1004.5,,,76,4.1,250,,,,,,,,,,,,,20,801
193672,1450249200,2015-12-16 14:00:00,28800,Denpasar,-8.652497,115.219117,30.64,30.4,31.0,1004.1,,,70,5.7,270,,,,,,,,,,,,,20,801
193673,1450252800,2015-12-16 15:00:00,28800,Denpasar,-8.652497,115.219117,30.58,30.3,31.0,1004.1,,,70,5.1,260,,,,,,,,,,,,,20,801
193674,1450256400,2015-12-16 16:00:00,28800,Denpasar,-8.652497,115.219117,30.15,30.0,30.3,1004.1,,,74,5.1,250,,,,,,,,,,,,,20,801
193675,1450260000,2015-12-16 17:00:00,28800,Denpasar,-8.652497,115.219117,30.18,30.0,30.3,1005.1,,,74,4.6,250,,,,,,,,,,,,,20,801
193676,1450263600,2015-12-16 18:00:00,28800,Denpasar,-8.652497,115.219117,28.94,28.9,29.0,1005.1,,,79,4.6,250,,,,,,,,,,,,,20,801
193677,1450267200,2015-12-16 19:00:00,28800,Denpasar,-8.652497,115.219117,28.95,28.9,29.0,1006.1,,,79,4.1,260,,,,,,,,,,,,,20,801
193678,1450270800,2015-12-16 20:00:00,28800,Denpasar,-8.652497,115.219117,28.94,28.9,29.0,1007.1,,,79,5.1,260,,,,,,,,,,,,,1,800
193679,1450274400,2015-12-16 21:00:00,28800,Denpasar,-8.652497,115.219117,29.0,29.0,29.0,1007.1,,,79,5.7,270,,,,,,,,,,,,,40,802
193680,1450278000,2015-12-16 22:00:00,28800,Denpasar,-8.652497,115.219117,29.0,29.0,29.0,1007.1,,,83,4.6,260,,,,,,,,,,,,,20,801
193681,1450281600,2015-12-16 23:00:00,28800,Denpasar,-8.652497,115.219117,29.0,29.0,29.0,1006.1,,,79,4.6,260,,,,,,,,,,,,,40,802
193682,1450285200,2015-12-17 00:00:00,28800,Denpasar,-8.652497,115.219117,28.0,28.0,28.0,1006.1,,,83,6.2,290,,,,,,,,,,,,,40,802
193683,1450288800,2015-12-17 01:00:00,28800,Denpasar,-8.652497,115.219117,28.0,28.0,28.0,1005.1,,,83,6.7,270,,,,,,,,,,,,,75,803
193684,1450292400,2015-12-17 02:00:00,28800,Denpasar,-8.652497,115.219117,27.0,27.0,27.0,1005.1,,,88,9.8,260,,,,,,,,,,,,,75,803
193685,1450296000,2015-12-17 03:00:00,28800,Denpasar,-8.652497,115.219117,26.0,26.0,26.0,1005.1,,,88,6.7,270,,,,,,,,,,,,,40,802
193686,1450299600,2015-12-17 04:00:00,28800,Denpasar,-8.652497,115.219117,27.0,27.0,27.0,1005.1,,,88,2.1,270,,,,,,,,,,,,,40,802
193687,1450303200,2015-12-17 05:00:00,28800,Denpasar,-8.652497,115.219117,25.0,25.0,25.0,1007.0,,,94,8.7,270,,,,,,,,,,,,,75,202
193688,1450303200,2015-12-17 05:00:00,28800,Denpasar,-8.652497,115.219117,25.0,25.0,25.0,1007.0,,,94,8.7,270,,,,,,,,,,,,,75,522
193689,1450306800,2015-12-17 06:00:00,28800,Denpasar,-8.652497,115.219117,25.61,25.0,26.0,1007.0,,,94,3.1,310,,35.0,,,36.1,,,,,,,,75,201
193690,1450306800,2015-12-17 06:00:00,28800,Denpasar,-8.652497,115.219117,25.61,25.0,26.0,1007.0,,,94,3.1,310,,35.0,,,36.1,,,,,,,,75,520
193691,1450310400,2015-12-17 07:00:00,28800,Denpasar,-8.652497,115.219117,26.0,26.0,26.0,1007.1,,,92,1.5,320,,35.0,,,36.1,,,,,,,,20,201
193692,1450310400,2015-12-17 07:00:00,28800,Denpasar,-8.652497,115.219117,26.0,26.0,26.0,1007.1,,,92,1.5,320,,35.0,,,36.1,,,,,,,,20,502
193693,1450314000,2015-12-17 08:00:00,28800,Denpasar,-8.652497,115.219117,26.0,26.0,26.0,1008.1,,,94,1.5,320,,35.0,,,36.1,,,,,,,,75,502
193694,1450317600,2015-12-17 09:00:00,28800,Denpasar,-8.652497,115.219117,27.48,27.0,27.8,1007.1,,,88,0.5,0,,4.0,,,,,,,,,,,75,501
193695,1450321200,2015-12-17 10:00:00,28800,Denpasar,-8.652497,115.219117,27.9,27.8,28.0,1007.2,,,87,5.7,290,,4.0,,,,,,,,,,,40,501
193696,1450324800,2015-12-17 11:00:00,28800,Denpasar,-8.652497,115.219117,27.88,27.8,28.0,1008.1,,,83,6.2,280,,4.0,,,,,,,,,,,75,501
193697,1450328400,2015-12-17 12:00:00,28800,Denpasar,-8.652497,115.219117,26.39,26.0,27.0,1007.1,,,88,3.1,250,,0.8,5.1,,,,,,,,,,75,501
193698,1450332000,2015-12-17 13:00:00,28800,Denpasar,-8.652497,115.219117,26.0,26.0,26.0,1006.0,,,82,4.6,250,,0.8,5.1,,,,,,,,,,40,500
193699,1450335600,2015-12-17 14:00:00,28800,Denpasar,-8.652497,115.219117,26.0,26.0,26.0,1005.1,,,94,5.7,260,,0.8,5.1,,,,,,,,,,75,500
193700,1450339200,2015-12-17 15:00:00,28800,Denpasar,-8.652497,115.219117,27.0,27.0,27.0,1005.1,,,88,5.1,270,,,,,,,,,,,,,75,500
193701,1450342800,2015-12-17 16:00:00,28800,Denpasar,-8.652497,115.219117,27.0,27.0,27.0,1005.1,,,88,3.6,300,,,,,,,,,,,,,40,500
193702,1450346400,2015-12-17 17:00:00,28800,Denpasar,-8.652497,115.219117,27.0,27.0,27.0,1006.1,,,88,2.1,300,,,,,,,,,,,,,40,500
193703,1450350000,2015-12-17 18:00:00,28800,Denpasar,-8.652497,115.219117,27.3,27.0,27.5,1006.1,,,88,2.1,300,,0.5,2.0,,,,,,,,,,40,500
193704,1450353600,2015-12-17 19:00:00,28800,Denpasar,-8.652497,115.219117,27.25,27.0,27.5,1006.8,,,86,2.1,280,,0.5,2.0,,,,,,,,,,40,500
193705,1450357200,2015-12-17 20:00:00,28800,Denpasar,-8.652497,115.219117,27.3,27.0,27.5,1008.1,,,88,3.1,280,,0.5,2.0,,,,,,,,,,20,500
193706,1450360800,2015-12-17 21:00:00,28800,Denpasar,-8.652497,115.219117,26.49,25.5,28.0,1008.1,,,83,3.6,270,,2.0,,,,,,,,,,,40,500
193707,1450364400,2015-12-17 22:00:00,28800,Denpasar,-8.652497,115.219117,25.75,25.5,26.0,1008.1,,,88,2.6,220,,2.0,,,,,,,,,,,75,500
193708,1450368000,2015-12-17 23:00:00,28800,Denpasar,-8.652497,115.219117,26.09,25.5,27.0,1007.1,,,88,6.2,280,,2.0,,,,,,,,,,,20,500
193709,1450371600,2015-12-18 00:00:00,28800,Denpasar,-8.652497,115.219117,27.06,27.0,27.1,1006.1,,,88,4.6,290,,,2.0,,,,,,,,,,1,800
193710,1450375200,2015-12-18 01:00:00,28800,Denpasar,-8.652497,115.219117,27.05,27.0,27.1,1006.1,,,88,4.6,280,,,2.0,,,,,,,,,,40,802
193711,1450378800,2015-12-18 02:00:00,28800,Denpasar,-8.652497,115.219117,27.46,27.1,28.0,1006.1,,,83,5.7,280,,,2.0,,,,,,,,,,40,802
193712,1450382400,2015-12-18 03:00:00,28800,Denpasar,-8.652497,115.219117,27.3,27.0,27.5,1005.1,,,88,5.1,280,,,,,,,,,,,,,75,803
193713,1450386000,2015-12-18 04:00:00,28800,Denpasar,-8.652497,115.219117,27.75,27.5,28.0,1005.2,,,91,5.1,260,,,,,,,,,,,,,20,801
193714,1450389600,2015-12-18 05:00:00,28800,Denpasar,-8.652497,115.219117,27.7,27.5,28.0,1006.1,,,83,4.6,260,,,,,,,,,,,,,40,802
193715,1450393200,2015-12-18 06:00:00,28800,Denpasar,-8.652497,115.219117,27.39,27.0,28.0,1007.1,,,83,2.6,240,,4.0,,,13.0,,,,,,,,75,501
193716,1450396800,2015-12-18 07:00:00,28800,Denpasar,-8.652497,115.219117,27.0,27.0,27.0,1007.1,,,94,6.2,280,,4.0,,,13.0,,,,,,,,75,501
193717,1450400400,2015-12-18 08:00:00,28800,Denpasar,-8.652497,115.219117,27.0,27.0,27.0,1008.1,,,88,4.1,230,,4.0,,,13.0,,,,,,,,75,501
193718,1450404000,2015-12-18 09:00:00,28800,Denpasar,-8.652497,115.219117,26.06,26.0,26.1,1008.1,,,88,6.7,270,,5.0,,,,,,,,,,,75,501
193719,1450407600,2015-12-18 10:00:00,28800,Denpasar,-8.652497,115.219117,26.05,26.0,26.1,1007.2,,,82,3.1,340,,5.0,,,,,,,,,,,40,501
193720,1450411200,2015-12-18 11:00:00,28800,Denpasar,-8.652497,115.219117,27.24,26.1,29.0,1007.1,,,83,6.2,280,,5.0,,,,,,,,,,,75,501
193721,1450414800,2015-12-18 12:00:00,28800,Denpasar,-8.652497,115.219117,29.58,29.3,30.0,1006.1,,,79,8.7,270,,,5.1,,,,,,,,,,40,802
193722,1450418400,2015-12-18 13:00:00,28800,Denpasar,-8.652497,115.219117,29.15,29.0,29.3,1006.1,,,83,6.7,260,,,5.1,,,,,,,,,,75,803
193723,1450422000,2015-12-18 14:00:00,28800,Denpasar,-8.652497,115.219117,29.58,29.3,30.0,1005.1,,,79,6.7,280,,,5.1,,,,,,,,,,75,803
193724,1450425600,2015-12-18 15:00:00,28800,Denpasar,-8.652497,115.219117,29.27,28.8,30.0,1005.1,,,79,6.7,280,,,,,,,,,,,,,75,803
193725,1450429200,2015-12-18 16:00:00,28800,Denpasar,-8.652497,115.219117,28.9,28.8,29.0,1004.7,,,84,4.1,270,,,,,,,,,,,,,40,500
193726,1450432800,2015-12-18 17:00:00,28800,Denpasar,-8.652497,115.219117,28.48,28.0,28.8,1006.1,,,88,4.1,250,,,,,,,,,,,,,75,803
193727,1450436400,2015-12-18 18:00:00,28800,Denpasar,-8.652497,115.219117,27.39,27.0,28.0,1006.1,,,83,4.1,260,,0.8,0.8,,,,,,,,,,75,500
193728,1450440000,2015-12-18 19:00:00,28800,Denpasar,-8.652497,115.219117,27.0,27.0,27.0,1007.1,,,83,3.1,170,,0.8,0.8,,,,,,,,,,75,501
193729,1450443600,2015-12-18 20:00:00,28800,Denpasar,-8.652497,115.219117,26.21,25.0,27.0,1008.0,,,100,0.5,0,,0.8,0.8,,,,,,,,,,75,211
193730,1450443600,2015-12-18 20:00:00,28800,Denpasar,-8.652497,115.219117,26.21,25.0,27.0,1008.0,,,100,0.5,0,,0.8,0.8,,,,,,,,,,75,500
193731,1450447200,2015-12-18 21:00:00,28800,Denpasar,-8.652497,115.219117,25.94,25.9,26.0,1008.0,,,94,1.5,360,,20.0,,,,,,,,,,,20,502
193732,1450450800,2015-12-18 22:00:00,28800,Denpasar,-8.652497,115.219117,25.95,25.9,26.0,1008.1,,,94,1.5,340,,20.0,,,,,,,,,,,40,502
193733,1450454400,2015-12-18 23:00:00,28800,Denpasar,-8.652497,115.219117,25.94,25.9,26.0,1008.1,,,94,2.6,310,,20.0,,,,,,,,,,,40,502
193734,1450458000,2015-12-19 00:00:00,28800,Denpasar,-8.652497,115.219117,25.88,25.8,26.0,1007.1,,,94,3.1,290,,0.8,22.1,,,,,,,,,,40,500
193735,1450461600,2015-12-19 01:00:00,28800,Denpasar,-8.652497,115.219117,25.9,25.8,26.0,1006.0,,,92,1.5,280,,0.8,22.1,,,,,,,,,,75,500
193736,1450465200,2015-12-19 02:00:00,28800,Denpasar,-8.652497,115.219117,25.48,25.0,25.8,1006.1,,,94,1.5,230,,0.8,22.1,,,,,,,,,,40,500
193737,1450468800,2015-12-19 03:00:00,28800,Denpasar,-8.652497,115.219117,25.28,25.0,25.5,1006.1,,,94,2.6,250,,32.0,,,,,,,,,,,75,502
193738,1450472400,2015-12-19 04:00:00,28800,Denpasar,-8.652497,115.219117,25.25,25.0,25.5,1005.9,,,96,1.5,150,,32.0,,,,,,,,,,,75,502
193739,1450476000,2015-12-19 05:00:00,28800,Denpasar,-8.652497,115.219117,25.7,25.5,26.0,1007.1,,,94,1.0,0,,32.0,,,,,,,,,,,40,502
193740,1450479600,2015-12-19 06:00:00,28800,Denpasar,-8.652497,115.219117,24.94,24.9,25.0,1008.1,,,94,0.5,0,,0.3,,,85.1,,,,,,,,40,500
193741,1450483200,2015-12-19 07:00:00,28800,Denpasar,-8.652497,115.219117,24.95,24.9,25.0,1009.1,,,94,2.6,20,,0.3,,,85.1,,,,,,,,40,500
193742,1450486800,2015-12-19 08:00:00,28800,Denpasar,-8.652497,115.219117,24.94,24.9,25.0,1009.1,,,94,3.1,20,,0.3,,,85.1,,,,,,,,40,501
193743,1450490400,2015-12-19 09:00:00,28800,Denpasar,-8.652497,115.219117,24.88,24.8,25.0,1008.1,,,94,3.1,360,,4.0,,,,,,,,,,,40,501
193744,1450494000,2015-12-19 10:00:00,28800,Denpasar,-8.652497,115.219117,24.9,24.8,25.0,1006.5,,,93,1.0,70,,4.0,,,,,,,,,,,75,501
193745,1450497600,2015-12-19 11:00:00,28800,Denpasar,-8.652497,115.219117,25.27,24.8,26.0,1005.1,,,83,1.5,60,,4.0,,,,,,,,,,,20,501
193746,1450501200,2015-12-19 12:00:00,28800,Denpasar,-8.652497,115.219117,28.24,28.0,28.4,1005.1,,,74,1.0,0,,,4.1,,,,,,,,,,20,801
193747,1450504800,2015-12-19 13:00:00,28800,Denpasar,-8.652497,115.219117,28.2,28.0,28.4,1005.1,,,74,1.5,180,,,4.1,,,,,,,,,,20,801
193748,1450508400,2015-12-19 14:00:00,28800,Denpasar,-8.652497,115.219117,28.64,28.4,29.0,1004.1,,,70,1.0,0,,,4.1,,,,,,,,,,20,801
193749,1450512000,2015-12-19 15:00:00,28800,Denpasar,-8.652497,115.219117,28.24,28.0,28.4,1004.1,,,78,2.6,260,,,,,,,,,,,,,20,801
193750,1450515600,2015-12-19 16:00:00,28800,Denpasar,-8.652497,115.219117,28.2,28.0,28.4,1004.1,,,81,1.5,310,,,,,,,,,,,,,40,802
193751,1450519200,2015-12-19 17:00:00,28800,Denpasar,-8.652497,115.219117,28.24,28.0,28.4,1004.1,,,74,2.1,300,,,,,,,,,,,,,20,801
193752,1450522800,2015-12-19 18:00:00,28800,Denpasar,-8.652497,115.219117,26.82,26.7,27.0,1005.1,,,78,2.1,290,,,,,,,,,,,,,20,801
193753,1450526400,2015-12-19 19:00:00,28800,Denpasar,-8.652497,115.219117,26.86,26.7,27.0,1005.1,,,85,1.5,260,,,,,,,,,,,,,40,802
193754,1450530000,2015-12-19 20:00:00,28800,Denpasar,-8.652497,115.219117,26.82,26.7,27.0,1006.1,,,83,1.5,250,,,,,,,,,,,,,20,801
193755,1450533600,2015-12-19 21:00:00,28800,Denpasar,-8.652497,115.219117,26.64,26.4,27.0,1007.1,,,88,1.5,240,,,,,,,,,,,,,20,801
193756,1450537200,2015-12-19 22:00:00,28800,Denpasar,-8.652497,115.219117,26.7,26.4,27.0,1006.2,,,90,1.5,230,,,,,,,,,,,,,99,804
193757,1450540800,2015-12-19 23:00:00,28800,Denpasar,-8.652497,115.219117,26.64,26.4,27.0,1006.1,,,83,2.1,260,,,,,,,,,,,,,20,801
193758,1450544400,2015-12-20 00:00:00,28800,Denpasar,-8.652497,115.219117,27.06,27.0,27.1,1005.1,,,88,2.1,260,,,,,,,,,,,,,40,802
193759,1450548000,2015-12-20 01:00:00,28800,Denpasar,-8.652497,115.219117,27.05,27.0,27.1,1005.1,,,83,2.1,260,,,,,,,,,,,,,20,801
193760,1450551600,2015-12-20 02:00:00,28800,Denpasar,-8.652497,115.219117,27.05,27.0,27.1,1005.1,,,83,2.1,260,,,,,,,,,,,,,20,801
193761,1450555200,2015-12-20 03:00:00,28800,Denpasar,-8.652497,115.219117,25.3,25.3,25.3,1004.7,,,92,1.0,50,,0.1,,,,,,,,,,,20,500
193762,1450558800,2015-12-20 04:00:00,28800,Denpasar,-8.652497,115.219117,25.15,25.0,25.3,1005.1,,,94,1.0,0,,0.1,,,,,,,,,,,40,500
193763,1450562400,2015-12-20 05:00:00,28800,Denpasar,-8.652497,115.219117,25.58,25.3,26.0,1006.1,,,94,0.5,0,,0.1,,,,,,,,,,,75,500
193764,1450566000,2015-12-20 06:00:00,28800,Denpasar,-8.652497,115.219117,26.3,26.0,26.5,1007.0,,,94,2.1,250,,,,,4.1,,,,,,,,20,801
193765,1450569600,2015-12-20 07:00:00,28800,Denpasar,-8.652497,115.219117,26.75,26.5,27.0,1007.1,,,88,1.5,260,,,,,4.1,,,,,,,,75,803
193766,1450573200,2015-12-20 08:00:00,28800,Denpasar,-8.652497,115.219117,26.7,26.5,27.0,1008.1,,,88,3.1,250,,,,,4.1,,,,,,,,75,803
193767,1450576800,2015-12-20 09:00:00,28800,Denpasar,-8.652497,115.219117,28.54,28.0,28.9,1008.1,,,83,2.6,220,,,,,,,,,,,,,40,802
193768,1450580400,2015-12-20 10:00:00,28800,Denpasar,-8.652497,115.219117,28.95,28.9,29.0,1007.1,,,74,2.1,220,,,,,,,,,,,,,40,802
193769,1450584000,2015-12-20 11:00:00,28800,Denpasar,-8.652497,115.219117,29.33,28.9,30.0,1006.1,,,70,4.6,260,,,,,,,,,,,,,40,802
193770,1450587600,2015-12-20 12:00:00,28800,Denpasar,-8.652497,115.219117,28.8,28.8,28.8,1004.8,,,77,2.1,270,,,,,,,,,,,,,40,211
193771,1450591200,2015-12-20 13:00:00,28800,Denpasar,-8.652497,115.219117,28.8,28.8,28.8,1004.8,,,77,2.1,270,,,,,,,,,,,,,40,211
193772,1450594800,2015-12-20 14:00:00,28800,Denpasar,-8.652497,115.219117,28.8,28.8,28.8,1004.8,,,77,2.1,270,,,,,,,,,,,,,40,211
193773,1450598400,2015-12-20 15:00:00,28800,Denpasar,-8.652497,115.219117,27.12,27.0,27.2,1004.1,,,88,2.1,330,,0.2,,,,,,,,,,,40,500
193774,1450602000,2015-12-20 16:00:00,28800,Denpasar,-8.652497,115.219117,27.1,27.0,27.2,1003.9,,,88,3.6,320,,0.2,,,,,,,,,,,40,500
193775,1450605600,2015-12-20 17:00:00,28800,Denpasar,-8.652497,115.219117,27.12,27.0,27.2,1004.1,,,83,2.6,300,,0.2,,,,,,,,,,,40,500
193776,1450609200,2015-12-20 18:00:00,28800,Denpasar,-8.652497,115.219117,26.7,26.5,27.0,1005.0,,,88,1.5,260,,,,,,,,,,,,,40,802
193777,1450612800,2015-12-20 19:00:00,28800,Denpasar,-8.652497,115.219117,26.75,26.5,27.0,1005.6,,,92,1.0,250,,,,,,,,,,,,,40,802
193778,1450616400,2015-12-20 20:00:00,28800,Denpasar,-8.652497,115.219117,26.7,26.5,27.0,1007.1,,,88,2.6,310,,,,,,,,,,,,,40,802
193779,1450620000,2015-12-20 21:00:00,28800,Denpasar,-8.652497,115.219117,26.82,26.7,27.0,1007.1,,,88,1.5,340,,,,,,,,,,,,,40,802
193780,1450623600,2015-12-20 22:00:00,28800,Denpasar,-8.652497,115.219117,26.85,26.7,27.0,1006.9,,,92,1.5,320,,,,,,,,,,,,,20,801
193781,1450627200,2015-12-20 23:00:00,28800,Denpasar,-8.652497,115.219117,26.82,26.7,27.0,1007.1,,,88,2.6,260,,,,,,,,,,,,,40,802
193782,1450630800,2015-12-21 00:00:00,28800,Denpasar,-8.652497,115.219117,26.39,26.0,27.0,1006.1,,,88,1.0,0,,4.0,4.1,,,,,,,,,,40,501
193783,1450634400,2015-12-21 01:00:00,28800,Denpasar,-8.652497,115.219117,26.0,26.0,26.0,1005.9,,,93,1.0,60,,4.0,4.1,,,,,,,,,,40,501
193784,1450638000,2015-12-21 02:00:00,28800,Denpasar,-8.652497,115.219117,26.0,26.0,26.0,1006.1,,,88,1.5,360,,4.0,4.1,,,,,,,,,,75,501
193785,1450641600,2015-12-21 03:00:00,28800,Denpasar,-8.652497,115.219117,25.46,25.1,26.0,1006.1,,,88,0.5,0,,,,,,,,,,,,,75,803
193786,1450645200,2015-12-21 04:00:00,28800,Denpasar,-8.652497,115.219117,25.05,25.0,25.1,1006.0,,,95,1.0,70,,0.0,,,,,,,,,,,20,801
193787,1450648800,2015-12-21 05:00:00,28800,Denpasar,-8.652497,115.219117,25.06,25.0,25.1,1007.1,,,94,1.0,340,,,,,,,,,,,,,20,801
193788,1450652400,2015-12-21 06:00:00,28800,Denpasar,-8.652497,115.219117,27.61,27.0,28.0,1008.1,,,83,0.5,0,,,,,4.1,,,,,,,,20,801
193789,1450656000,2015-12-21 07:00:00,28800,Denpasar,-8.652497,115.219117,28.0,28.0,28.0,1008.1,,,83,2.6,300,,,,,4.1,,,,,,,,20,801
193790,1450659600,2015-12-21 08:00:00,28800,Denpasar,-8.652497,115.219117,28.39,28.0,29.0,1008.1,,,79,2.1,290,,,,,4.1,,,,,,,,20,801
193791,1450663200,2015-12-21 09:00:00,28800,Denpasar,-8.652497,115.219117,29.12,29.0,29.2,1008.1,,,83,3.6,290,,,,,,,,,,,,,20,801
193792,1450666800,2015-12-21 10:00:00,28800,Denpasar,-8.652497,115.219117,29.1,29.0,29.2,1008.1,,,83,3.6,270,,,,,,,,,,,,,20,801
193793,1450670400,2015-12-21 11:00:00,28800,Denpasar,-8.652497,115.219117,29.52,29.2,30.0,1007.1,,,79,5.1,250,,,,,,,,,,,,,20,801
193794,1450674000,2015-12-21 12:00:00,28800,Denpasar,-8.652497,115.219117,30.0,30.0,30.0,1007.1,,,79,5.1,270,,,,,,,,,,,,,20,801
193795,1450677600,2015-12-21 13:00:00,28800,Denpasar,-8.652497,115.219117,30.0,30.0,30.0,1005.6,,,76,4.6,260,,,,,,,,,,,,,40,802
193796,1450681200,2015-12-21 14:00:00,28800,Denpasar,-8.652497,115.219117,30.0,30.0,30.0,1005.0,,,79,4.6,250,,,,,,,,,,,,,20,801
193797,1450684800,2015-12-21 15:00:00,28800,Denpasar,-8.652497,115.219117,29.7,29.5,30.0,1005.0,,,74,5.1,250,,,,,,,,,,,,,20,801
193798,1450688400,2015-12-21 16:00:00,28800,Denpasar,-8.652497,115.219117,29.25,29.0,29.5,1005.1,,,78,4.6,250,,,,,,,,,,,,,40,802
193799,1450692000,2015-12-21 17:00:00,28800,Denpasar,-8.652497,115.219117,29.28,29.0,29.5,1006.1,,,79,4.6,260,,,,,,,,,,,,,40,802
193800,1450695600,2015-12-21 18:00:00,28800,Denpasar,-8.652497,115.219117,28.7,28.5,29.0,1007.1,,,83,4.1,260,,,,,,,,,,,,,40,802
193801,1450699200,2015-12-21 19:00:00,28800,Denpasar,-8.652497,115.219117,28.75,28.5,29.0,1007.0,,,84,4.1,250,,,,,,,,,,,,,20,801
193802,1450702800,2015-12-21 20:00:00,28800,Denpasar,-8.652497,115.219117,28.3,28.0,28.5,1008.1,,,83,2.6,250,,,,,,,,,,,,,20,801
193803,1450706400,2015-12-21 21:00:00,28800,Denpasar,-8.652497,115.219117,28.18,28.0,28.3,1008.1,,,83,1.5,240,,,,,,,,,,,,,20,801
193804,1450710000,2015-12-21 22:00:00,28800,Denpasar,-8.652497,115.219117,28.15,28.0,28.3,1007.2,,,83,2.6,240,,,,,,,,,,,,,20,801
193805,1450713600,2015-12-21 23:00:00,28800,Denpasar,-8.652497,115.219117,28.18,28.0,28.3,1007.1,,,83,2.1,240,,,,,,,,,,,,,40,802
193806,1450717200,2015-12-22 00:00:00,28800,Denpasar,-8.652497,115.219117,28.06,28.0,28.1,1006.1,,,83,1.5,250,,,,,,,,,,,,,40,802
193807,1450720800,2015-12-22 01:00:00,28800,Denpasar,-8.652497,115.219117,28.05,28.0,28.1,1006.1,,,83,1.5,200,,,,,,,,,,,,,40,802
193808,1450724400,2015-12-22 02:00:00,28800,Denpasar,-8.652497,115.219117,28.06,28.0,28.1,1005.1,,,83,1.0,0,,,,,,,,,,,,,40,802
193809,1450728000,2015-12-22 03:00:00,28800,Denpasar,-8.652497,115.219117,27.88,27.8,28.0,1005.1,,,83,2.6,260,,,,,,,,,,,,,40,802
193810,1450731600,2015-12-22 04:00:00,28800,Denpasar,-8.652497,115.219117,27.9,27.8,28.0,1004.9,,,87,2.6,260,,,,,,,,,,,,,40,802
193811,1450735200,2015-12-22 05:00:00,28800,Denpasar,-8.652497,115.219117,27.88,27.8,28.0,1005.1,,,88,4.1,290,,,,,,,,,,,,,40,802
193812,1450738800,2015-12-22 06:00:00,28800,Denpasar,-8.652497,115.219117,28.0,28.0,28.0,1006.1,,,88,4.1,300,,,,,,,,,,,,,75,500
193813,1450742400,2015-12-22 07:00:00,28800,Denpasar,-8.652497,115.219117,28.0,28.0,28.0,1006.1,,,88,4.6,280,,,,,,,,,,,,,75,500
193814,1450746000,2015-12-22 08:00:00,28800,Denpasar,-8.652497,115.219117,29.0,29.0,29.0,1007.1,,,83,5.7,280,,,,,,,,,,,,,40,802
193815,1450749600,2015-12-22 09:00:00,28800,Denpasar,-8.652497,115.219117,30.42,30.0,30.7,1006.1,,,79,6.2,280,,,,,,,,,,,,,20,801
193816,1450753200,2015-12-22 10:00:00,28800,Denpasar,-8.652497,115.219117,30.85,30.7,31.0,1005.4,,,78,6.7,280,,,,,,,,,,,,,40,802
193817,1450756800,2015-12-22 11:00:00,28800,Denpasar,-8.652497,115.219117,30.82,30.7,31.0,1005.1,,,79,5.7,260,,,,,,,,,,,,,40,802
193818,1450760400,2015-12-22 12:00:00,28800,Denpasar,-8.652497,115.219117,30.76,30.6,31.0,1005.1,,,74,6.7,260,,,,,,,,,,,,,20,801
193819,1450764000,2015-12-22 13:00:00,28800,Denpasar,-8.652497,115.219117,30.3,30.0,30.6,1004.2,,,77,5.7,240,,,,,,,,,,,,,40,802
193820,1450767600,2015-12-22 14:00:00,28800,Denpasar,-8.652497,115.219117,30.76,30.6,31.0,1004.1,,,74,4.6,260,,,,,,,,,,,,,40,802
193821,1450771200,2015-12-22 15:00:00,28800,Denpasar,-8.652497,115.219117,29.94,29.9,30.0,1003.0,,,74,5.1,260,,,,,,,,,,,,,20,801
193822,1450774800,2015-12-22 16:00:00,28800,Denpasar,-8.652497,115.219117,29.95,29.9,30.0,1004.2,,,80,4.1,260,,,,,,,,,,,,,40,802
193823,1450778400,2015-12-22 17:00:00,28800,Denpasar,-8.652497,115.219117,29.54,29.0,29.9,1005.1,,,83,3.1,250,,,,,,,,,,,,,40,802
193824,1450782000,2015-12-22 18:00:00,28800,Denpasar,-8.652497,115.219117,28.88,28.8,29.0,1006.1,,,83,2.6,250,,,,,,,,,,,,,40,802
193825,1450785600,2015-12-22 19:00:00,28800,Denpasar,-8.652497,115.219117,28.9,28.8,29.0,1005.3,,,84,3.1,260,,,,,,,,,,,,,40,802
193826,1450789200,2015-12-22 20:00:00,28800,Denpasar,-8.652497,115.219117,28.88,28.8,29.0,1006.1,,,83,4.6,270,,,,,,,,,,,,,40,802
193827,1450792800,2015-12-22 21:00:00,28800,Denpasar,-8.652497,115.219117,28.52,28.2,29.0,1006.1,,,83,4.1,270,,0.9,,,,,,,,,,,40,500
193828,1450796400,2015-12-22 22:00:00,28800,Denpasar,-8.652497,115.219117,28.6,28.2,29.0,1005.7,,,90,2.6,250,,0.9,,,,,,,,,,,40,500
193829,1450800000,2015-12-22 23:00:00,28800,Denpasar,-8.652497,115.219117,28.52,28.2,29.0,1006.1,,,83,5.1,300,,0.9,,,,,,,,,,,20,500
193830,1450803600,2015-12-23 00:00:00,28800,Denpasar,-8.652497,115.219117,28.12,28.0,28.2,1005.1,,,88,4.6,290,,0.1,1.0,,,,,,,,,,40,500
193831,1450807200,2015-12-23 01:00:00,28800,Denpasar,-8.652497,115.219117,28.1,28.0,28.2,1004.1,,,88,4.6,290,,0.1,1.0,,,,,,,,,,75,500
193832,1450810800,2015-12-23 02:00:00,28800,Denpasar,-8.652497,115.219117,28.12,28.0,28.2,1003.1,,,88,4.1,280,,0.1,1.0,,,,,,,,,,75,500
193833,1450814400,2015-12-23 03:00:00,28800,Denpasar,-8.652497,115.219117,27.94,27.9,28.0,1003.1,,,88,5.7,280,,,,,,,,,,,,,40,802
193834,1450818000,2015-12-23 04:00:00,28800,Denpasar,-8.652497,115.219117,27.95,27.9,28.0,1003.1,,,88,5.1,260,,,,,,,,,,,,,40,802
193835,1450821600,2015-12-23 05:00:00,28800,Denpasar,-8.652497,115.219117,27.94,27.9,28.0,1004.1,,,88,5.7,270,,,,,,,,,,,,,40,802
193836,1450825200,2015-12-23 06:00:00,28800,Denpasar,-8.652497,115.219117,27.33,26.8,28.0,1004.1,,,88,5.7,280,,9.0,,,10.9,,,,,,,,40,501
193837,1450828800,2015-12-23 07:00:00,28800,Denpasar,-8.652497,115.219117,26.9,26.8,27.0,1005.1,,,94,5.1,310,,9.0,,,10.9,,,,,,,,75,501
193838,1450832400,2015-12-23 08:00:00,28800,Denpasar,-8.652497,115.219117,28.06,26.8,30.0,1005.1,,,84,6.2,310,,9.0,,,10.9,,,,,,,,40,501
193839,1450836000,2015-12-23 09:00:00,28800,Denpasar,-8.652497,115.219117,28.03,27.4,29.0,1005.1,,,83,4.6,300,,0.4,,,,,,,,,,,75,211
193840,1450836000,2015-12-23 09:00:00,28800,Denpasar,-8.652497,115.219117,28.03,27.4,29.0,1005.1,,,83,4.6,300,,0.4,,,,,,,,,,,75,500
193841,1450839600,2015-12-23 10:00:00,28800,Denpasar,-8.652497,115.219117,27.7,27.4,28.0,1004.9,,,95,3.6,210,,0.4,,,,,,,,,,,40,211
193842,1450839600,2015-12-23 10:00:00,28800,Denpasar,-8.652497,115.219117,27.7,27.4,28.0,1004.9,,,95,3.6,210,,0.4,,,,,,,,,,,40,500
193843,1450843200,2015-12-23 11:00:00,28800,Denpasar,-8.652497,115.219117,26.06,24.0,27.4,1005.0,,,88,6.7,240,,0.4,,,,,,,,,,,75,201
193844,1450843200,2015-12-23 11:00:00,28800,Denpasar,-8.652497,115.219117,26.06,24.0,27.4,1005.0,,,88,6.7,240,,0.4,,,,,,,,,,,75,521
193845,1450846800,2015-12-23 12:00:00,28800,Denpasar,-8.652497,115.219117,26.42,26.0,26.7,1005.1,,,94,1.5,0,,,,,,,,,,,,,40,211
193846,1450850400,2015-12-23 13:00:00,28800,Denpasar,-8.652497,115.219117,26.85,26.7,27.0,1004.5,,,85,1.5,230,,,,,,,,,,,,,40,741
193847,1450854000,2015-12-23 14:00:00,28800,Denpasar,-8.652497,115.219117,26.42,26.0,26.7,1004.1,,,88,4.6,290,,,,,,,,,,,,,40,802
193848,1450857600,2015-12-23 15:00:00,28800,Denpasar,-8.652497,115.219117,25.88,25.8,26.0,1004.1,,,88,4.1,280,,,,,,,,,,,,,20,801
193849,1450861200,2015-12-23 16:00:00,28800,Denpasar,-8.652497,115.219117,25.9,25.8,26.0,1003.5,,,87,4.6,270,,,,,,,,,,,,,40,802
193850,1450864800,2015-12-23 17:00:00,28800,Denpasar,-8.652497,115.219117,25.88,25.8,26.0,1004.1,,,88,4.6,270,,,,,,,,,,,,,20,801
193851,1450868400,2015-12-23 18:00:00,28800,Denpasar,-8.652497,115.219117,26.24,26.0,26.4,1005.1,,,88,6.2,290,,,,,,,,,,,,,20,801
193852,1450872000,2015-12-23 19:00:00,28800,Denpasar,-8.652497,115.219117,26.2,26.0,26.4,1005.1,,,88,4.1,310,,,,,,,,,,,,,20,801
193853,1450875600,2015-12-23 20:00:00,28800,Denpasar,-8.652497,115.219117,26.24,26.0,26.4,1006.1,,,88,3.1,310,,,,,,,,,,,,,40,802
193854,1450879200,2015-12-23 21:00:00,28800,Denpasar,-8.652497,115.219117,26.0,26.0,26.0,1006.1,,,88,2.1,310,,,,,,,,,,,,,40,802
193855,1450882800,2015-12-23 22:00:00,28800,Denpasar,-8.652497,115.219117,26.0,26.0,26.0,1006.1,,,88,2.1,340,,,,,,,,,,,,,40,802
193856,1450886400,2015-12-23 23:00:00,28800,Denpasar,-8.652497,115.219117,26.0,26.0,26.0,1005.1,,,88,1.5,350,,,,,,,,,,,,,20,801
193857,1450890000,2015-12-24 00:00:00,28800,Denpasar,-8.652497,115.219117,25.24,25.0,25.4,1005.1,,,94,1.0,0,,,,,,,,,,,,,20,801
193858,1450893600,2015-12-24 01:00:00,28800,Denpasar,-8.652497,115.219117,25.7,25.4,26.0,1004.1,,,94,0.5,230,,,,,,,,,,,,,40,802
193859,1450897200,2015-12-24 02:00:00,28800,Denpasar,-8.652497,115.219117,25.24,25.0,25.4,1005.1,,,94,1.0,0,,,,,,,,,,,,,1,800
193860,1450900800,2015-12-24 03:00:00,28800,Denpasar,-8.652497,115.219117,24.88,24.8,25.0,1005.1,,,94,1.5,50,,,,,,,,,,,,,1,800
193861,1450904400,2015-12-24 04:00:00,28800,Denpasar,-8.652497,115.219117,24.9,24.8,25.0,1005.1,,,88,1.0,0,,,,,,,,,,,,,1,800
193862,1450908000,2015-12-24 05:00:00,28800,Denpasar,-8.652497,115.219117,24.88,24.8,25.0,1006.1,,,88,1.5,350,,,,,,,,,,,,,40,802
193863,1450911600,2015-12-24 06:00:00,28800,Denpasar,-8.652497,115.219117,26.48,26.0,26.8,1006.1,,,83,1.0,0,,,,,9.9,,,,,,,,20,801
193864,1450915200,2015-12-24 07:00:00,28800,Denpasar,-8.652497,115.219117,26.9,26.8,27.0,1006.4,,,84,0.5,160,,,,,9.9,,,,,,,,40,802
193865,1450918800,2015-12-24 08:00:00,28800,Denpasar,-8.652497,115.219117,27.67,26.8,29.0,1007.1,,,74,2.1,270,,,,,9.9,,,,,,,,20,801
193866,1450922400,2015-12-24 09:00:00,28800,Denpasar,-8.652497,115.219117,30.06,30.0,30.1,1006.1,,,66,3.1,260,,,,,,,,,,,,,20,801
193867,1450926000,2015-12-24 10:00:00,28800,Denpasar,-8.652497,115.219117,30.05,30.0,30.1,1005.4,,,67,2.6,270,,,,,,,,,,,,,20,801
193868,1450929600,2015-12-24 11:00:00,28800,Denpasar,-8.652497,115.219117,30.06,30.0,30.1,1005.1,,,70,3.6,270,,,,,,,,,,,,,40,802
193869,1450933200,2015-12-24 12:00:00,28800,Denpasar,-8.652497,115.219117,30.36,30.0,30.6,1004.1,,,74,3.6,250,,,,,,,,,,,,,1,800
193870,1450936800,2015-12-24 13:00:00,28800,Denpasar,-8.652497,115.219117,30.8,30.6,31.0,1004.0,,,74,4.6,250,,,,,,,,,,,,,20,801
193871,1450940400,2015-12-24 14:00:00,28800,Denpasar,-8.652497,115.219117,30.76,30.6,31.0,1003.1,,,70,4.6,250,,,,,,,,,,,,,40,802
193872,1450944000,2015-12-24 15:00:00,28800,Denpasar,-8.652497,115.219117,30.33,29.9,31.0,1004.1,,,70,5.1,260,,,,,,,,,,,,,40,802
193873,1450947600,2015-12-24 16:00:00,28800,Denpasar,-8.652497,115.219117,29.95,29.9,30.0,1004.1,,,74,4.6,260,,,,,,,,,,,,,40,802
193874,1450951200,2015-12-24 17:00:00,28800,Denpasar,-8.652497,115.219117,29.54,29.0,29.9,1005.1,,,79,2.6,250,,,,,,,,,,,,,40,802
193875,1450954800,2015-12-24 18:00:00,28800,Denpasar,-8.652497,115.219117,27.64,27.4,28.0,1005.1,,,78,3.1,20,,,,,,,,,,,,,40,802
193876,1450958400,2015-12-24 19:00:00,28800,Denpasar,-8.652497,115.219117,27.2,27.0,27.4,1006.1,,,78,2.6,70,,,,,,,,,,,,,40,802
193877,1450962000,2015-12-24 20:00:00,28800,Denpasar,-8.652497,115.219117,27.24,27.0,27.4,1007.1,,,83,2.1,250,,,,,,,,,,,,,40,802
193878,1450965600,2015-12-24 21:00:00,28800,Denpasar,-8.652497,115.219117,27.0,27.0,27.0,1007.1,,,83,3.1,260,,,,,,,,,,,,,20,801
193879,1450969200,2015-12-24 22:00:00,28800,Denpasar,-8.652497,115.219117,27.0,27.0,27.0,1006.8,,,87,1.5,260,,,,,,,,,,,,,40,802
193880,1450972800,2015-12-24 23:00:00,28800,Denpasar,-8.652497,115.219117,27.0,27.0,27.0,1007.1,,,88,1.5,270,,,,,,,,,,,,,20,801
193881,1450976400,2015-12-25 00:00:00,28800,Denpasar,-8.652497,115.219117,27.7,27.5,28.0,1006.1,,,83,2.6,300,,,,,,,,,,,,,20,801
193882,1450980000,2015-12-25 01:00:00,28800,Denpasar,-8.652497,115.219117,27.25,27.0,27.5,1006.0,,,86,2.1,330,,,,,,,,,,,,,40,802
193883,1450983600,2015-12-25 02:00:00,28800,Denpasar,-8.652497,115.219117,27.3,27.0,27.5,1006.1,,,88,1.0,0,,,,,,,,,,,,,40,802
193884,1450987200,2015-12-25 03:00:00,28800,Denpasar,-8.652497,115.219117,26.34,26.0,26.6,1006.1,,,94,1.0,0,,,,,,,,,,,,,40,802
193885,1450990800,2015-12-25 04:00:00,28800,Denpasar,-8.652497,115.219117,26.8,26.6,27.0,1006.1,,,83,1.0,0,,,,,,,,,,,,,40,802
193886,1450994400,2015-12-25 05:00:00,28800,Denpasar,-8.652497,115.219117,26.36,26.0,26.6,1006.0,,,88,3.08,271,,,,,,,,,,,,,20,801
193887,1450998000,2015-12-25 06:00:00,28800,Denpasar,-8.652497,115.219117,28.48,28.0,28.8,1006.0,,,83,1.0,0,,,,,,,,,,,,,20,801
193888,1451001600,2015-12-25 07:00:00,28800,Denpasar,-8.652497,115.219117,28.9,28.8,29.0,1007.0,,,79,2.6,320,,,,,,,,,,,,,20,801
193889,1451005200,2015-12-25 08:00:00,28800,Denpasar,-8.652497,115.219117,28.88,28.8,29.0,1007.0,,,79,3.1,320,,,,,,,,,,,,,20,801
193890,1451008800,2015-12-25 09:00:00,28800,Denpasar,-8.652497,115.219117,30.18,30.0,30.3,1007.0,,,79,4.1,270,,,,,,,,,,,,,20,801
193891,1451012400,2015-12-25 10:00:00,28800,Denpasar,-8.652497,115.219117,30.15,30.0,30.3,1007.2,,,76,4.6,260,,,,,,,,,,,,,20,801
193892,1451016000,2015-12-25 11:00:00,28800,Denpasar,-8.652497,115.219117,30.18,30.0,30.3,1007.1,,,79,4.6,260,,,,,,,,,,,,,40,802
193893,1451019600,2015-12-25 12:00:00,28800,Denpasar,-8.652497,115.219117,30.61,30.0,31.0,1006.1,,,79,4.1,250,,,,,,,,,,,,,20,801
193894,1451023200,2015-12-25 13:00:00,28800,Denpasar,-8.652497,115.219117,31.0,31.0,31.0,1005.3,,,74,4.1,250,,,,,,,,,,,,,40,802
193895,1451026800,2015-12-25 14:00:00,28800,Denpasar,-8.652497,115.219117,31.0,31.0,31.0,1005.1,,,74,5.7,260,,,,,,,,,,,,,40,802
193896,1451030400,2015-12-25 15:00:00,28800,Denpasar,-8.652497,115.219117,29.76,29.6,30.0,1005.1,,,79,5.1,260,,,,,,,,,,,,,40,211
193897,1451034000,2015-12-25 16:00:00,28800,Denpasar,-8.652497,115.219117,28.3,27.0,29.6,1005.4,,,80,3.1,30,,,,,,,,,,,,,40,802
193898,1451037600,2015-12-25 17:00:00,28800,Denpasar,-8.652497,115.219117,27.78,25.0,29.6,1006.1,,,94,3.6,60,,,,,,,,,,,,,40,500
193899,1451041200,2015-12-25 18:00:00,28800,Denpasar,-8.652497,115.219117,26.76,26.6,27.0,1007.1,,,83,3.6,300,,4.0,4.1,,,,,,,,,,40,501
193900,1451044800,2015-12-25 19:00:00,28800,Denpasar,-8.652497,115.219117,26.8,26.6,27.0,1007.1,,,83,3.6,300,,4.0,4.1,,,,,,,,,,40,501
193901,1451048400,2015-12-25 20:00:00,28800,Denpasar,-8.652497,115.219117,26.76,26.6,27.0,1008.1,,,88,3.6,300,,4.0,4.1,,,,,,,,,,40,501
193902,1451052000,2015-12-25 21:00:00,28800,Denpasar,-8.652497,115.219117,27.06,27.0,27.1,1008.1,,,88,3.6,290,,,,,,,,,,,,,1,800
193903,1451055600,2015-12-25 22:00:00,28800,Denpasar,-8.652497,115.219117,27.05,27.0,27.1,1007.6,,,80,4.1,290,,,,,,,,,,,,,87,211
193904,1451059200,2015-12-25 23:00:00,28800,Denpasar,-8.652497,115.219117,27.06,27.0,27.1,1008.1,,,88,5.1,270,,,,,,,,,,,,,40,802
193905,1451062800,2015-12-26 00:00:00,28800,Denpasar,-8.652497,115.219117,27.12,27.0,27.2,1008.1,,,88,4.1,260,,,,,,,,,,,,,40,802
193906,1451066400,2015-12-26 01:00:00,28800,Denpasar,-8.652497,115.219117,27.1,27.0,27.2,1006.7,,,88,3.6,270,,,,,,,,,,,,,40,802
193907,1451070000,2015-12-26 02:00:00,28800,Denpasar,-8.652497,115.219117,26.73,26.0,27.2,1007.1,,,94,6.7,280,,,,,,,,,,,,,75,501
193908,1451073600,2015-12-26 03:00:00,28800,Denpasar,-8.652497,115.219117,27.0,27.0,27.0,1007.1,,,88,6.7,280,,11.0,,,,,,,,,,,75,501
193909,1451077200,2015-12-26 04:00:00,28800,Denpasar,-8.652497,115.219117,27.0,27.0,27.0,1006.7,,,88,4.1,290,,11.0,,,,,,,,,,,40,501
193910,1451080800,2015-12-26 05:00:00,28800,Denpasar,-8.652497,115.219117,27.0,27.0,27.0,1007.1,,,88,4.6,310,,11.0,,,,,,,,,,,75,501
193911,1451084400,2015-12-26 06:00:00,28800,Denpasar,-8.652497,115.219117,27.48,27.0,27.8,1007.1,,,88,4.6,290,,,,,14.0,,,,,,,,75,803
193912,1451088000,2015-12-26 07:00:00,28800,Denpasar,-8.652497,115.219117,27.9,27.8,28.0,1007.7,,,84,4.6,310,,,,,14.0,,,,,,,,75,803
193913,1451091600,2015-12-26 08:00:00,28800,Denpasar,-8.652497,115.219117,28.27,27.8,29.0,1008.1,,,83,6.2,290,,,,,14.0,,,,,,,,40,802
193914,1451095200,2015-12-26 09:00:00,28800,Denpasar,-8.652497,115.219117,29.64,29.4,30.0,1009.1,,,74,6.7,290,,,,,,,,,,,,,40,802
193915,1451098800,2015-12-26 10:00:00,28800,Denpasar,-8.652497,115.219117,29.7,29.4,30.0,1008.2,,,79,5.1,300,,,,,,,,,,,,,40,802
193916,1451102400,2015-12-26 11:00:00,28800,Denpasar,-8.652497,115.219117,27.66,25.0,29.4,1009.1,,,94,5.1,260,,,,,,,,,,,,,75,502
193917,1451106000,2015-12-26 12:00:00,28800,Denpasar,-8.652497,115.219117,28.85,28.0,29.4,1007.1,,,88,4.1,300,,,,,,,,,,,,,40,500
193918,1451109600,2015-12-26 13:00:00,28800,Denpasar,-8.652497,115.219117,29.7,29.4,30.0,1007.0,,,82,5.1,260,,,,,,,,,,,,,40,802
193919,1451113200,2015-12-26 14:00:00,28800,Denpasar,-8.652497,115.219117,29.64,29.4,30.0,1007.1,,,79,6.2,260,,,,,,,,,,,,,40,802
193920,1451116800,2015-12-26 15:00:00,28800,Denpasar,-8.652497,115.219117,29.12,29.0,29.2,1007.1,,,79,5.7,260,,,,,,,,,,,,,40,802
193921,1451120400,2015-12-26 16:00:00,28800,Denpasar,-8.652497,115.219117,29.1,29.0,29.2,1007.1,,,79,6.2,260,,,,,,,,,,,,,40,802
193922,1451124000,2015-12-26 17:00:00,28800,Denpasar,-8.652497,115.219117,29.12,29.0,29.2,1007.1,,,79,5.7,260,,,,,,,,,,,,,40,802
193923,1451127600,2015-12-26 18:00:00,28800,Denpasar,-8.652497,115.219117,28.24,28.0,28.4,1007.1,,,83,6.2,270,,,,,,,,,,,,,40,802
193924,1451131200,2015-12-26 19:00:00,28800,Denpasar,-8.652497,115.219117,28.2,28.0,28.4,1008.0,,,78,6.2,270,,,,,,,,,,,,,20,801
193925,1451134800,2015-12-26 20:00:00,28800,Denpasar,-8.652497,115.219117,28.24,28.0,28.4,1009.1,,,83,4.6,270,,,,,,,,,,,,,40,802
193926,1451138400,2015-12-26 21:00:00,28800,Denpasar,-8.652497,115.219117,28.15,27.6,29.0,1009.1,,,79,5.7,260,,,,,,,,,,,,,40,802
193927,1451142000,2015-12-26 22:00:00,28800,Denpasar,-8.652497,115.219117,27.8,27.6,28.0,1008.7,,,86,5.1,290,,,,,,,,,,,,,40,802
193928,1451145600,2015-12-26 23:00:00,28800,Denpasar,-8.652497,115.219117,27.78,27.6,28.0,1009.1,,,83,7.2,270,,,,,,,,,,,,,40,802
193929,1451149200,2015-12-27 00:00:00,28800,Denpasar,-8.652497,115.219117,27.64,27.4,28.0,1009.1,,,83,5.1,260,,0.1,,,,,,,,,,,40,500
193930,1451152800,2015-12-27 01:00:00,28800,Denpasar,-8.652497,115.219117,27.2,27.0,27.4,1007.9,,,84,7.7,250,,0.1,,,,,,,,,,,40,500
193931,1451156400,2015-12-27 02:00:00,28800,Denpasar,-8.652497,115.219117,27.64,27.4,28.0,1008.1,,,83,7.2,270,,0.1,,,,,,,,,,,75,500
193932,1451160000,2015-12-27 03:00:00,28800,Denpasar,-8.652497,115.219117,26.7,26.5,27.0,1007.1,,,88,6.2,260,,7.0,,,,,,,,,,,75,501
193933,1451163600,2015-12-27 04:00:00,28800,Denpasar,-8.652497,115.219117,26.75,26.5,27.0,1008.1,,,88,4.1,310,,7.0,,,,,,,,,,,75,501
193934,1451167200,2015-12-27 05:00:00,28800,Denpasar,-8.652497,115.219117,26.75,26.5,27.0,1007.6,,,90,3.6,310,,7.0,,,,,,,,,,,40,501
193935,1451170800,2015-12-27 06:00:00,28800,Denpasar,-8.652497,115.219117,26.1,26.1,26.1,1008.8,,,92,3.1,260,,44.0,,,63.0,,,,,,,,40,201
193936,1451170800,2015-12-27 06:00:00,28800,Denpasar,-8.652497,115.219117,26.1,26.1,26.1,1008.8,,,92,3.1,260,,44.0,,,63.0,,,,,,,,40,502
193937,1451174400,2015-12-27 07:00:00,28800,Denpasar,-8.652497,115.219117,26.1,26.1,26.1,1008.8,,,92,3.1,260,,44.0,,,63.0,,,,,,,,40,201
193938,1451174400,2015-12-27 07:00:00,28800,Denpasar,-8.652497,115.219117,26.1,26.1,26.1,1008.8,,,92,3.1,260,,44.0,,,63.0,,,,,,,,40,502
193939,1451174400,2015-12-27 07:00:00,28800,Denpasar,-8.652497,115.219117,26.1,26.1,26.1,1008.8,,,92,3.1,260,,44.0,,,63.0,,,,,,,,40,201
193940,1451174400,2015-12-27 07:00:00,28800,Denpasar,-8.652497,115.219117,26.1,26.1,26.1,1008.8,,,92,3.1,260,,44.0,,,63.0,,,,,,,,40,502
193941,1451178000,2015-12-27 08:00:00,28800,Denpasar,-8.652497,115.219117,26.1,26.1,26.1,1008.8,,,92,3.1,260,,44.0,,,63.0,,,,,,,,40,201
193942,1451178000,2015-12-27 08:00:00,28800,Denpasar,-8.652497,115.219117,26.1,26.1,26.1,1008.8,,,92,3.1,260,,44.0,,,63.0,,,,,,,,40,502
193943,1451181600,2015-12-27 09:00:00,28800,Denpasar,-8.652497,115.219117,28.88,28.8,29.0,1009.1,,,83,6.7,280,,7.0,,,,,,,,,,,75,501
193944,1451185200,2015-12-27 10:00:00,28800,Denpasar,-8.652497,115.219117,28.9,28.8,29.0,1009.1,,,79,9.8,270,,7.0,,,,,,,,,,,40,501
193945,1451188800,2015-12-27 11:00:00,28800,Denpasar,-8.652497,115.219117,28.89,28.8,29.0,1008.1,,,79,8.7,280,,7.0,,,,,,,,,,,40,501
193946,1451192400,2015-12-27 12:00:00,28800,Denpasar,-8.652497,115.219117,28.33,27.9,29.0,1008.1,,,79,7.7,290,,0.4,7.1,,,,,,,,,,75,500
193947,1451196000,2015-12-27 13:00:00,28800,Denpasar,-8.652497,115.219117,27.95,27.9,28.0,1006.8,,,88,4.1,290,,0.4,7.1,,,,,,,,,,40,500
193948,1451199600,2015-12-27 14:00:00,28800,Denpasar,-8.652497,115.219117,27.54,27.0,27.9,1007.1,,,94,6.7,300,,0.4,7.1,,,,,,,,,,75,500
193949,1451203200,2015-12-27 15:00:00,28800,Denpasar,-8.652497,115.219117,28.42,28.0,28.7,1007.1,,,83,6.2,280,,4.0,,,,,,,,,,,40,501
193950,1451206800,2015-12-27 16:00:00,28800,Denpasar,-8.652497,115.219117,28.32,28.0,28.7,1006.4,,,79,6.2,280,,4.0,,,,,,,,,,,40,501
193951,1451210400,2015-12-27 17:00:00,28800,Denpasar,-8.652497,115.219117,28.3,28.0,28.7,1006.4,,,79,6.2,280,,4.0,,,,,,,,,,,40,501
193952,1451214000,2015-12-27 18:00:00,28800,Denpasar,-8.652497,115.219117,28.1,28.1,28.1,1007.4,,,80,5.1,270,,,4.1,,,,,,,,,,40,802
193953,1451217600,2015-12-27 19:00:00,28800,Denpasar,-8.652497,115.219117,28.1,28.1,28.1,1007.4,,,80,5.1,270,,,4.1,,,,,,,,,,40,802
193954,1451221200,2015-12-27 20:00:00,28800,Denpasar,-8.652497,115.219117,28.1,28.1,28.1,1007.4,,,80,5.1,270,,,4.1,,,,,,,,,,40,802
193955,1451224800,2015-12-27 21:00:00,28800,Denpasar,-8.652497,115.219117,28.0,28.0,28.0,1008.8,,,81,5.7,270,,,,,,,,,,,,,40,802
193956,1451228400,2015-12-27 22:00:00,28800,Denpasar,-8.652497,115.219117,28.0,28.0,28.0,1008.8,,,81,5.7,270,,,,,,,,,,,,,40,802
193957,1451232000,2015-12-27 23:00:00,28800,Denpasar,-8.652497,115.219117,28.0,28.0,28.0,1008.8,,,81,5.7,270,,,,,,,,,,,,,40,802
193958,1451235600,2015-12-28 00:00:00,28800,Denpasar,-8.652497,115.219117,27.6,27.6,27.6,1008.1,,,86,4.6,280,,0.8,0.8,,,,,,,,,,40,500
193959,1451239200,2015-12-28 01:00:00,28800,Denpasar,-8.652497,115.219117,27.6,27.6,27.6,1008.1,,,86,4.6,280,,0.8,0.8,,,,,,,,,,40,500
193960,1451242800,2015-12-28 02:00:00,28800,Denpasar,-8.652497,115.219117,27.6,27.6,27.6,1008.1,,,86,4.6,280,,0.8,0.8,,,,,,,,,,40,500
193961,1451246400,2015-12-28 03:00:00,28800,Denpasar,-8.652497,115.219117,27.4,27.4,27.4,1007.8,,,84,5.1,270,,13.0,,,,,,,,,,,20,502
193962,1451250000,2015-12-28 04:00:00,28800,Denpasar,-8.652497,115.219117,27.4,27.4,27.4,1007.8,,,84,5.1,270,,13.0,,,,,,,,,,,20,502
193963,1451253600,2015-12-28 05:00:00,28800,Denpasar,-8.652497,115.219117,27.4,27.4,27.4,1007.8,,,84,5.1,270,,13.0,,,,,,,,,,,20,502
193964,1451257200,2015-12-28 06:00:00,28800,Denpasar,-8.652497,115.219117,27.6,27.6,27.6,1008.8,,,83,5.1,270,,8.0,,,33.0,,,,,,,,75,501
193965,1451260800,2015-12-28 07:00:00,28800,Denpasar,-8.652497,115.219117,27.87,27.6,28.0,1008.8,,,83,5.1,270,,8.0,,,33.0,,,,,,,,75,501
193966,1451264400,2015-12-28 08:00:00,28800,Denpasar,-8.652497,115.219117,27.6,27.6,27.6,1008.8,,,83,5.1,270,,8.0,,,33.0,,,,,,,,75,501
193967,1451268000,2015-12-28 09:00:00,28800,Denpasar,-8.652497,115.219117,27.7,27.5,28.0,1009.1,,,83,5.7,300,,2.0,,,,,,,,,,,75,500
193968,1451271600,2015-12-28 10:00:00,28800,Denpasar,-8.652497,115.219117,27.5,27.5,27.5,1008.9,,,93,6.2,270,,2.0,,,,,,,,,,,40,500
193969,1451275200,2015-12-28 11:00:00,28800,Denpasar,-8.652497,115.219117,27.7,27.5,28.0,1009.1,,,88,5.7,290,,2.0,,,,,,,,,,,75,500
193970,1451278800,2015-12-28 12:00:00,28800,Denpasar,-8.652497,115.219117,27.82,27.7,28.0,1009.1,,,83,6.7,260,,2.0,4.1,,,,,,,,,,75,500
193971,1451282400,2015-12-28 13:00:00,28800,Denpasar,-8.652497,115.219117,27.85,27.7,28.0,1008.0,,,86,6.2,260,,2.0,4.1,,,,,,,,,,40,211
193972,1451282400,2015-12-28 13:00:00,28800,Denpasar,-8.652497,115.219117,27.85,27.7,28.0,1008.0,,,86,6.2,260,,2.0,4.1,,,,,,,,,,40,500
193973,1451286000,2015-12-28 14:00:00,28800,Denpasar,-8.652497,115.219117,27.82,27.7,28.0,1008.1,,,78,7.7,270,,2.0,4.1,,,,,,,,,,75,500
193974,1451289600,2015-12-28 15:00:00,28800,Denpasar,-8.652497,115.219117,28.0,28.0,28.0,1008.1,,,83,7.2,290,,,,,,,,,,,,,75,803
193975,1451293200,2015-12-28 16:00:00,28800,Denpasar,-8.652497,115.219117,28.0,28.0,28.0,1007.3,,,80,6.7,300,,,,,,,,,,,,,40,802
193976,1451296800,2015-12-28 17:00:00,28800,Denpasar,-8.652497,115.219117,28.0,28.0,28.0,1007.3,,,80,6.7,300,,,,,,,,,,,,,40,802
193977,1451300400,2015-12-28 18:00:00,28800,Denpasar,-8.652497,115.219117,27.2,27.2,27.2,1008.9,,,82,8.2,290,,,,,,,,,,,,,40,802
193978,1451304000,2015-12-28 19:00:00,28800,Denpasar,-8.652497,115.219117,27.2,27.2,27.2,1008.9,,,82,8.2,290,,,,,,,,,,,,,40,802
193979,1451307600,2015-12-28 20:00:00,28800,Denpasar,-8.652497,115.219117,27.2,27.2,27.2,1008.9,,,82,8.2,290,,,,,,,,,,,,,40,802
193980,1451311200,2015-12-28 21:00:00,28800,Denpasar,-8.652497,115.219117,27.0,27.0,27.0,1009.2,,,82,5.1,300,,,,,,,,,,,,,40,802
193981,1451314800,2015-12-28 22:00:00,28800,Denpasar,-8.652497,115.219117,27.0,27.0,27.0,1009.2,,,82,5.1,300,,,,,,,,,,,,,40,802
193982,1451318400,2015-12-28 23:00:00,28800,Denpasar,-8.652497,115.219117,27.0,27.0,27.0,1009.2,,,82,5.1,300,,,,,,,,,,,,,40,802
193983,1451322000,2015-12-29 00:00:00,28800,Denpasar,-8.652497,115.219117,27.1,27.1,27.1,1008.1,,,83,7.2,270,,,,,,,,,,,,,40,802
193984,1451325600,2015-12-29 01:00:00,28800,Denpasar,-8.652497,115.219117,27.1,27.1,27.1,1008.1,,,83,7.2,270,,,,,,,,,,,,,40,802
193985,1451329200,2015-12-29 02:00:00,28800,Denpasar,-8.652497,115.219117,27.1,27.1,27.1,1008.1,,,83,7.2,270,,,,,,,,,,,,,40,802
193986,1451332800,2015-12-29 03:00:00,28800,Denpasar,-8.652497,115.219117,26.7,26.7,26.7,1007.8,,,87,6.2,280,,,,,,,,,,,,,40,802
193987,1451336400,2015-12-29 04:00:00,28800,Denpasar,-8.652497,115.219117,26.7,26.7,26.7,1007.8,,,87,6.2,280,,,,,,,,,,,,,40,802
193988,1451340000,2015-12-29 05:00:00,28800,Denpasar,-8.652497,115.219117,26.7,26.7,26.7,1007.8,,,87,6.2,280,,,,,,,,,,,,,40,802
193989,1451343600,2015-12-29 06:00:00,28800,Denpasar,-8.652497,115.219117,27.96,27.9,28.0,1009.6,,,82,7.7,270,,,,,4.1,,,,,,,,40,802
193990,1451347200,2015-12-29 07:00:00,28800,Denpasar,-8.652497,115.219117,27.9,27.9,27.9,1009.6,,,82,7.7,270,,,,,4.1,,,,,,,,40,802
193991,1451350800,2015-12-29 08:00:00,28800,Denpasar,-8.652497,115.219117,28.33,27.9,29.0,1010.8,,,79,6.7,270,,,,,4.1,,,,,,,,40,802
193992,1451354400,2015-12-29 09:00:00,28800,Denpasar,-8.652497,115.219117,29.0,29.0,29.0,1010.8,,,79,6.2,290,,,,,,,,,,,,,75,803
193993,1451358000,2015-12-29 10:00:00,28800,Denpasar,-8.652497,115.219117,29.0,29.0,29.0,1010.1,,,74,9.3,270,,,,,,,,,,,,,40,802
193994,1451361600,2015-12-29 11:00:00,28800,Denpasar,-8.652497,115.219117,29.0,29.0,29.0,1010.1,,,74,9.3,270,,,,,,,,,,,,,40,802
193995,1451365200,2015-12-29 12:00:00,28800,Denpasar,-8.652497,115.219117,30.0,30.0,30.0,1009.1,,,70,7.7,290,,,,,,,,,,,,,20,801
193996,1451368800,2015-12-29 13:00:00,28800,Denpasar,-8.652497,115.219117,30.0,30.0,30.0,1008.1,,,70,6.7,280,,,,,,,,,,,,,20,801
193997,1451372400,2015-12-29 14:00:00,28800,Denpasar,-8.652497,115.219117,30.0,30.0,30.0,1008.1,,,74,6.7,260,,,,,,,,,,,,,40,802
193998,1451376000,2015-12-29 15:00:00,28800,Denpasar,-8.652497,115.219117,28.94,28.9,29.0,1008.1,,,83,8.7,260,,,,,,,,,,,,,40,802
193999,1451379600,2015-12-29 16:00:00,28800,Denpasar,-8.652497,115.219117,28.95,28.9,29.0,1008.1,,,73,5.7,260,,,,,,,,,,,,,40,802
194000,1451383200,2015-12-29 17:00:00,28800,Denpasar,-8.652497,115.219117,28.94,28.9,29.0,1009.1,,,74,5.7,280,,,,,,,,,,,,,40,802
194001,1451386800,2015-12-29 18:00:00,28800,Denpasar,-8.652497,115.219117,27.82,27.7,28.0,1010.2,,,78,4.1,270,,,,,,,,,,,,,40,802
194002,1451390400,2015-12-29 19:00:00,28800,Denpasar,-8.652497,115.219117,27.85,27.7,28.0,1010.2,,,83,6.7,270,,,,,,,,,,,,,40,802
194003,1451394000,2015-12-29 20:00:00,28800,Denpasar,-8.652497,115.219117,27.82,27.7,28.0,1010.2,,,78,7.2,270,,,,,,,,,,,,,20,801
194004,1451397600,2015-12-29 21:00:00,28800,Denpasar,-8.652497,115.219117,27.64,27.4,28.0,1010.8,,,78,6.7,270,,,,,,,,,,,,,20,801
194005,1451401200,2015-12-29 22:00:00,28800,Denpasar,-8.652497,115.219117,27.7,27.4,28.0,1010.8,,,83,5.1,270,,,,,,,,,,,,,20,801
194006,1451404800,2015-12-29 23:00:00,28800,Denpasar,-8.652497,115.219117,27.64,27.4,28.0,1010.2,,,83,5.1,280,,,,,,,,,,,,,40,802
194007,1451408400,2015-12-30 00:00:00,28800,Denpasar,-8.652497,115.219117,26.09,25.5,27.0,1010.2,,,83,6.2,260,,,,,,,,,,,,,75,803
194008,1451412000,2015-12-30 01:00:00,28800,Denpasar,-8.652497,115.219117,25.25,25.0,25.5,1009.1,,,89,3.1,230,,,,,,,,,,,,,40,802
194009,1451415600,2015-12-30 02:00:00,28800,Denpasar,-8.652497,115.219117,25.3,25.0,25.5,1009.1,,,94,2.6,260,,,,,,,,,,,,,75,803
194010,1451419200,2015-12-30 03:00:00,28800,Denpasar,-8.652497,115.219117,26.0,26.0,26.0,1009.1,,,88,6.7,260,,15.0,,,,,,,,,,,75,502
194011,1451422800,2015-12-30 04:00:00,28800,Denpasar,-8.652497,115.219117,26.0,26.0,26.0,1008.7,,,90,5.1,270,,15.0,,,,,,,,,,,40,502
194012,1451426400,2015-12-30 05:00:00,28800,Denpasar,-8.652497,115.219117,26.0,26.0,26.0,1009.1,,,88,5.7,290,,15.0,,,,,,,,,,,40,502
194013,1451430000,2015-12-30 06:00:00,28800,Denpasar,-8.652497,115.219117,26.94,26.9,27.0,1009.1,,,83,5.7,290,,2.0,,,17.0,,,,,,,,40,500
194014,1451433600,2015-12-30 07:00:00,28800,Denpasar,-8.652497,115.219117,26.95,26.9,27.0,1009.5,,,81,5.1,290,,2.0,,,17.0,,,,,,,,40,500
194015,1451437200,2015-12-30 08:00:00,28800,Denpasar,-8.652497,115.219117,27.33,26.9,28.0,1010.2,,,83,4.1,300,,2.0,,,17.0,,,,,,,,20,500
194016,1451440800,2015-12-30 09:00:00,28800,Denpasar,-8.652497,115.219117,28.94,28.9,29.0,1010.2,,,74,4.6,280,,,,,,,,,,,,,20,801
194017,1451444400,2015-12-30 10:00:00,28800,Denpasar,-8.652497,115.219117,28.95,28.9,29.0,1010.2,,,79,4.1,290,,,,,,,,,,,,,20,801
194018,1451448000,2015-12-30 11:00:00,28800,Denpasar,-8.652497,115.219117,28.94,28.9,29.0,1010.2,,,79,4.1,290,,,,,,,,,,,,,40,802
194019,1451451600,2015-12-30 12:00:00,28800,Denpasar,-8.652497,115.219117,29.7,29.5,30.0,1009.1,,,74,5.1,270,,,,,,,,,,,,,40,802
194020,1451455200,2015-12-30 13:00:00,28800,Denpasar,-8.652497,115.219117,29.75,29.5,30.0,1008.0,,,74,4.1,270,,,,,,,,,,,,,20,801
194021,1451458800,2015-12-30 14:00:00,28800,Denpasar,-8.652497,115.219117,29.3,29.0,29.5,1008.1,,,79,2.6,260,,,,,,,,,,,,,20,801
194022,1451462400,2015-12-30 15:00:00,28800,Denpasar,-8.652497,115.219117,29.0,29.0,29.0,1008.1,,,79,2.1,250,,,,,,,,,,,,,20,801
194023,1451466000,2015-12-30 16:00:00,28800,Denpasar,-8.652497,115.219117,29.0,29.0,29.0,1008.1,,,77,2.1,250,,,,,,,,,,,,,40,802
194024,1451469600,2015-12-30 17:00:00,28800,Denpasar,-8.652497,115.219117,28.61,28.0,29.0,1009.1,,,69,3.1,20,,,,,,,,,,,,,20,801
194025,1451473200,2015-12-30 18:00:00,28800,Denpasar,-8.652497,115.219117,28.0,28.0,28.0,1009.1,,,74,1.5,30,,,,,,,,,,,,,20,801
194026,1451476800,2015-12-30 19:00:00,28800,Denpasar,-8.652497,115.219117,27.0,27.0,27.0,1010.2,,,78,1.0,0,,,,,,,,,,,,,20,801
194027,1451480400,2015-12-30 20:00:00,28800,Denpasar,-8.652497,115.219117,27.0,27.0,27.0,1010.2,,,83,1.5,30,,,,,,,,,,,,,40,802
194028,1451484000,2015-12-30 21:00:00,28800,Denpasar,-8.652497,115.219117,27.0,27.0,27.0,1010.2,,,83,1.0,0,,,,,,,,,,,,,40,802
194029,1451487600,2015-12-30 22:00:00,28800,Denpasar,-8.652497,115.219117,28.0,28.0,28.0,1010.2,,,78,2.6,340,,,,,,,,,,,,,40,802
194030,1451491200,2015-12-30 23:00:00,28800,Denpasar,-8.652497,115.219117,27.0,27.0,27.0,1010.2,,,83,2.6,320,,,,,,,,,,,,,40,802
194031,1451494800,2015-12-31 00:00:00,28800,Denpasar,-8.652497,115.219117,27.0,27.0,27.0,1009.1,,,83,2.6,340,,,,,,,,,,,,,40,802
194032,1451498400,2015-12-31 01:00:00,28800,Denpasar,-8.652497,115.219117,26.0,26.0,26.0,1008.1,,,88,1.5,340,,,,,,,,,,,,,20,801
194033,1451502000,2015-12-31 02:00:00,28800,Denpasar,-8.652497,115.219117,26.0,26.0,26.0,1008.1,,,88,2.1,10,,,,,,,,,,,,,20,801
194034,1451505600,2015-12-31 03:00:00,28800,Denpasar,-8.652497,115.219117,26.0,26.0,26.0,1008.1,,,83,1.5,360,,,,,,,,,,,,,20,801
194035,1451509200,2015-12-31 04:00:00,28800,Denpasar,-8.652497,115.219117,26.0,26.0,26.0,1008.1,,,88,0.5,0,,,,,,,,,,,,,20,801
194036,1451512800,2015-12-31 05:00:00,28800,Denpasar,-8.652497,115.219117,27.0,27.0,27.0,1009.1,,,88,1.5,0,,,,,,,,,,,,,75,502
194037,1451516400,2015-12-31 06:00:00,28800,Denpasar,-8.652497,115.219117,26.21,25.0,27.0,1010.2,,,100,3.1,250,,18.0,,,18.0,,,,,,,,40,502
194038,1451520000,2015-12-31 07:00:00,28800,Denpasar,-8.652497,115.219117,27.0,27.0,27.0,1010.2,,,94,0.5,0,,18.0,,,18.0,,,,,,,,20,502
194039,1451523600,2015-12-31 08:00:00,28800,Denpasar,-8.652497,115.219117,27.39,27.0,28.0,1010.0,,,88,1.0,0,,18.0,,,18.0,,,,,,,,20,502
194040,1451527200,2015-12-31 09:00:00,28800,Denpasar,-8.652497,115.219117,26.97,26.0,27.6,1010.2,,,88,3.6,240,,0.5,,,,,,,,,,,75,500
194041,1451530800,2015-12-31 10:00:00,28800,Denpasar,-8.652497,115.219117,27.8,27.6,28.0,1010.0,,,83,3.6,260,,0.5,,,,,,,,,,,20,500
194042,1451534400,2015-12-31 11:00:00,28800,Denpasar,-8.652497,115.219117,28.15,27.6,29.0,1009.0,,,83,3.6,250,,0.5,,,,,,,,,,,20,500
194043,1451538000,2015-12-31 12:00:00,28800,Denpasar,-8.652497,115.219117,28.97,28.3,30.0,1008.0,,,74,5.7,260,,,0.5,,,,,,,,,,20,801
194044,1451541600,2015-12-31 13:00:00,28800,Denpasar,-8.652497,115.219117,28.15,28.0,28.3,1007.6,,,83,3.1,270,,,0.5,,,,,,,,,,40,211
194045,1451545200,2015-12-31 14:00:00,28800,Denpasar,-8.652497,115.219117,28.18,28.0,28.3,1007.1,,,83,1.5,260,,,0.5,,,,,,,,,,40,201
194046,1451545200,2015-12-31 14:00:00,28800,Denpasar,-8.652497,115.219117,28.18,28.0,28.3,1007.1,,,83,1.5,260,,,0.5,,,,,,,,,,40,521
194047,1451548800,2015-12-31 15:00:00,28800,Denpasar,-8.652497,115.219117,26.48,26.0,26.8,1007.1,,,88,2.6,20,,0.8,,,,,,,,,,,40,201
194048,1451548800,2015-12-31 15:00:00,28800,Denpasar,-8.652497,115.219117,26.48,26.0,26.8,1007.1,,,88,2.6,20,,0.8,,,,,,,,,,,40,520
194049,1451552400,2015-12-31 16:00:00,28800,Denpasar,-8.652497,115.219117,26.9,26.8,27.0,1008.1,,,83,2.1,60,,0.8,,,,,,,,,,,40,500
194050,1451556000,2015-12-31 17:00:00,28800,Denpasar,-8.652497,115.219117,26.48,26.0,26.8,1008.1,,,88,0.5,0,,0.8,,,,,,,,,,,40,201
194051,1451556000,2015-12-31 17:00:00,28800,Denpasar,-8.652497,115.219117,26.48,26.0,26.8,1008.1,,,88,0.5,0,,0.8,,,,,,,,,,,40,520
194052,1451559600,2015-12-31 18:00:00,28800,Denpasar,-8.652497,115.219117,25.76,25.6,26.0,1009.1,,,94,1.5,0,,0.8,2.0,,,,,,,,,,40,201
194053,1451559600,2015-12-31 18:00:00,28800,Denpasar,-8.652497,115.219117,25.76,25.6,26.0,1009.1,,,94,1.5,0,,0.8,2.0,,,,,,,,,,40,520
194054,1451563200,2015-12-31 19:00:00,28800,Denpasar,-8.652497,115.219117,25.8,25.6,26.0,1009.1,,,88,1.0,0,,0.8,2.0,,,,,,,,,,40,500
194055,1451566800,2015-12-31 20:00:00,28800,Denpasar,-8.652497,115.219117,25.76,25.6,26.0,1010.2,,,88,1.0,0,,0.8,2.0,,,,,,,,,,20,500
194056,1451570400,2015-12-31 21:00:00,28800,Denpasar,-8.652497,115.219117,25.39,25.0,26.0,1010.2,,,88,1.5,320,,,,,,,,,,,,,20,801
194057,1451574000,2015-12-31 22:00:00,28800,Denpasar,-8.652497,115.219117,25.0,25.0,25.0,1010.2,,,94,0.5,0,,,,,,,,,,,,,20,801
194058,1451577600,2015-12-31 23:00:00,28800,Denpasar,-8.652497,115.219117,25.0,25.0,25.0,1009.1,,,94,0.5,0,,,,,,,,,,,,,20,801
